window_id,sample_index,planned_at_utc,collected_at_utc,product_id,depth,status,error,sequence,snapshot_time_utc,bid_volume,ask_volume,imbalance,best_bid,best_ask,mid_price,spread,spread_bps,bids_json,asks_json
btc_usd_d10_20260517T000204Z,0,2026-05-17T00:02:04.131152Z,2026-05-17T00:02:04.131188Z,BTC-USD,10,ok,,128315792923,2026-05-17T00:02:03.698776337Z,0.37839931,0.78206152,-0.347846475783,78169.800000000003,78169.809999999998,78169.804999999993,0.009999999995,0.001279266335,"[{""price"":78169.8,""size"":0.15745499,""num_orders"":6},{""price"":78169.68,""size"":0.00012245,""num_orders"":2},{""price"":78168.4,""size"":0.03837867,""num_orders"":1},{""price"":78168.23,""size"":0.00639646,""num_orders"":1},{""price"":78167.61,""size"":0.02558432,""num_orders"":1},{""price"":78166.81,""size"":0.00127926,""num_orders"":1},{""price"":78166.11,""size"":0.03198316,""num_orders"":1},{""price"":78166.1,""size"":0.06,""num_orders"":2},{""price"":78165.31,""size"":0.04,""num_orders"":1},{""price"":78165.3,""size"":0.0172,""num_orders"":1}]","[{""price"":78169.81,""size"":0.38179222,""num_orders"":3},{""price"":78170.92,""size"":0.06255843,""num_orders"":3},{""price"":78171.14,""size"":0.00360871,""num_orders"":2},{""price"":78171.38,""size"":0.0063962,""num_orders"":1},{""price"":78172.0,""size"":0.0315,""num_orders"":1},{""price"":78172.37,""size"":0.07674688,""num_orders"":1},{""price"":78172.55,""size"":0.00127926,""num_orders"":1},{""price"":78174.0,""size"":0.0315,""num_orders"":1},{""price"":78174.71,""size"":0.10993294,""num_orders"":1},{""price"":78174.72,""size"":0.07674688,""num_orders"":1}]"
btc_usd_d10_20260517T000204Z,1,2026-05-17T00:03:04.131152Z,2026-05-17T00:03:04.131281Z,BTC-USD,10,ok,,128315811160,2026-05-17T00:03:01.199102222Z,0.36975018,0.35025115,0.027081936085,78169.800000000003,78169.809999999998,78169.804999999993,0.009999999995,0.001279266335,"[{""price"":78169.8,""size"":0.15677363,""num_orders"":8},{""price"":78169.13,""size"":0.03837831,""num_orders"":1},{""price"":78168.23,""size"":0.00639646,""num_orders"":1},{""price"":78166.81,""size"":0.00127926,""num_orders"":1},{""price"":78166.24,""size"":0.02558487,""num_orders"":1},{""price"":78166.11,""size"":0.02318193,""num_orders"":1},{""price"":78166.1,""size"":0.06,""num_orders"":2},{""price"":78165.71,""size"":0.00015572,""num_orders"":1},{""price"":78165.63,""size"":0.018,""num_orders"":1},{""price"":78165.31,""size"":0.04,""num_orders"":1}]","[{""price"":78169.81,""size"":0.09821753,""num_orders"":3},{""price"":78170.0,""size"":0.0315,""num_orders"":1},{""price"":78170.2,""size"":0.00109041,""num_orders"":1},{""price"":78171.38,""size"":0.0063962,""num_orders"":1},{""price"":78171.96,""size"":0.05970987,""num_orders"":1},{""price"":78171.97,""size"":0.07674688,""num_orders"":1},{""price"":78172.0,""size"":0.0315,""num_orders"":1},{""price"":78172.19,""size"":0.003811,""num_orders"":1},{""price"":78172.55,""size"":0.00127926,""num_orders"":1},{""price"":78173.79,""size"":0.04,""num_orders"":1}]"
btc_usd_d10_20260517T000204Z,2,2026-05-17T00:04:04.131152Z,2026-05-17T00:04:04.131283Z,BTC-USD,10,ok,,128315835810,2026-05-17T00:04:01.699408686Z,0.52903194,1.6986828,-0.525045168036,78184.25,78184.259999999995,78184.255000000005,0.009999999995,0.001279029901,"[{""price"":78184.25,""size"":0.0405911,""num_orders"":6},{""price"":78183.85,""size"":0.00064844,""num_orders"":1},{""price"":78183.58,""size"":0.07425205,""num_orders"":2},{""price"":78182.68,""size"":0.00639528,""num_orders"":1},{""price"":78182.38,""size"":0.03197651,""num_orders"":1},{""price"":78182.37,""size"":0.03837182,""num_orders"":1},{""price"":78182.02,""size"":0.00015405,""num_orders"":1},{""price"":78182.01,""size"":0.30978618,""num_orders"":3},{""price"":78181.99,""size"":0.02557747,""num_orders"":1},{""price"":78180.84,""size"":0.00127904,""num_orders"":1}]","[{""price"":78184.26,""size"":1.46197443,""num_orders"":5},{""price"":78184.29,""size"":0.07043702,""num_orders"":2},{""price"":78185.83,""size"":0.0065123,""num_orders"":2},{""price"":78186.0,""size"":0.0347,""num_orders"":1},{""price"":78187.0,""size"":0.00127902,""num_orders"":1},{""price"":78187.92,""size"":0.00511451,""num_orders"":1},{""price"":78187.93,""size"":0.00880364,""num_orders"":1},{""price"":78187.97,""size"":1.5e-05,""num_orders"":1},{""price"":78188.0,""size"":0.0331,""num_orders"":1},{""price"":78188.15,""size"":0.07674688,""num_orders"":1}]"
btc_usd_d10_20260517T000204Z,3,2026-05-17T00:05:04.131152Z,2026-05-17T00:05:04.131294Z,BTC-USD,10,ok,,128315862274,2026-05-17T00:05:03.154976838Z,1.68729262,0.21230309,0.776475500674,78199.190000000002,78199.199999999997,78199.195000000007,0.009999999995,0.001278785542,"[{""price"":78199.19,""size"":1.18500369,""num_orders"":15},{""price"":78198.0,""size"":0.0429,""num_orders"":1},{""price"":78197.62,""size"":0.00639406,""num_orders"":1},{""price"":78196.79,""size"":0.16569676,""num_orders"":1},{""price"":78196.78,""size"":0.07674688,""num_orders"":1},{""price"":78196.54,""size"":0.1462,""num_orders"":1},{""price"":78196.5,""size"":0.0291172,""num_orders"":2},{""price"":78196.45,""size"":0.00127878,""num_orders"":1},{""price"":78196.13,""size"":0.0242,""num_orders"":1},{""price"":78196.03,""size"":0.00975525,""num_orders"":1}]","[{""price"":78199.2,""size"":0.00123206,""num_orders"":2},{""price"":78199.66,""size"":0.00015273,""num_orders"":1},{""price"":78200.61,""size"":0.00639381,""num_orders"":1},{""price"":78200.78,""size"":1.5e-05,""num_orders"":1},{""price"":78202.0,""size"":0.0429,""num_orders"":1},{""price"":78204.0,""size"":0.0429,""num_orders"":1},{""price"":78205.05,""size"":1.5e-05,""num_orders"":1},{""price"":78205.64,""size"":0.07674688,""num_orders"":1},{""price"":78207.08,""size"":0.003538,""num_orders"":1},{""price"":78207.49,""size"":0.03840961,""num_orders"":1}]"
btc_usd_d10_20260517T000204Z,4,2026-05-17T00:06:04.131152Z,2026-05-17T00:06:04.131287Z,BTC-USD,10,ok,,128315897537,2026-05-17T00:06:03.802710218Z,0.61315866,0.38159909,0.232779860222,78177.839999999997,78177.850000000006,78177.845000000001,0.010000000009,0.001279134774,"[{""price"":78177.84,""size"":0.00031975,""num_orders"":1},{""price"":78177.78,""size"":0.06588179,""num_orders"":2},{""price"":78177.46,""size"":0.03837423,""num_orders"":1},{""price"":78176.59,""size"":0.003825,""num_orders"":1},{""price"":78176.21,""size"":0.00639581,""num_orders"":1},{""price"":78175.04,""size"":0.03325864,""num_orders"":2},{""price"":78174.78,""size"":0.2755849,""num_orders"":2},{""price"":78174.06,""size"":0.12791966,""num_orders"":1},{""price"":78173.95,""size"":0.06,""num_orders"":2},{""price"":78172.91,""size"":0.00159888,""num_orders"":1}]","[{""price"":78177.85,""size"":0.007,""num_orders"":1},{""price"":78178.0,""size"":0.02049601,""num_orders"":1},{""price"":78179.36,""size"":0.00639555,""num_orders"":1},{""price"":78179.65,""size"":0.00511451,""num_orders"":1},{""price"":78179.66,""size"":0.06980978,""num_orders"":1},{""price"":78180.0,""size"":0.0429,""num_orders"":1},{""price"":78180.53,""size"":0.00127913,""num_orders"":1},{""price"":78181.61,""size"":0.04,""num_orders"":1},{""price"":78181.62,""size"":0.11185723,""num_orders"":1},{""price"":78181.81,""size"":0.07674688,""num_orders"":1}]"
btc_usd_d10_20260517T000204Z,5,2026-05-17T00:07:04.131152Z,2026-05-17T00:07:04.131304Z,BTC-USD,10,ok,,128315920523,2026-05-17T00:07:01.550076555Z,0.2690854,0.48196321,-0.283440788207,78171.419999999998,78171.429999999993,78171.424999999988,0.009999999995,0.001279239824,"[{""price"":78171.42,""size"":0.01149082,""num_orders"":6},{""price"":78170.89,""size"":0.00046588,""num_orders"":2},{""price"":78169.85,""size"":0.00639633,""num_orders"":1},{""price"":78169.07,""size"":0.07674688,""num_orders"":1},{""price"":78168.79,""size"":0.02558275,""num_orders"":1},{""price"":78168.68,""size"":0.00127923,""num_orders"":1},{""price"":78167.6,""size"":0.03198256,""num_orders"":1},{""price"":78167.59,""size"":0.03837907,""num_orders"":1},{""price"":78166.62,""size"":1.5e-05,""num_orders"":1},{""price"":78166.33,""size"":0.07674688,""num_orders"":1}]","[{""price"":78171.43,""size"":0.09530008,""num_orders"":4},{""price"":78171.49,""size"":0.00065526,""num_orders"":1},{""price"":78171.98,""size"":0.04,""num_orders"":1},{""price"":78171.99,""size"":0.18694564,""num_orders"":2},{""price"":78172.0,""size"":0.0429,""num_orders"":1},{""price"":78172.84,""size"":0.02558696,""num_orders"":1},{""price"":78173.0,""size"":0.00639607,""num_orders"":1},{""price"":78173.92,""size"":0.0012792,""num_orders"":1},{""price"":78173.99,""size"":0.04,""num_orders"":1},{""price"":78174.0,""size"":0.0429,""num_orders"":1}]"
btc_usd_d10_20260517T000204Z,6,2026-05-17T00:08:04.131152Z,2026-05-17T00:08:04.131297Z,BTC-USD,10,ok,,128315948380,2026-05-17T00:08:02.541416222Z,0.98510754,2.14076892,-0.369707950646,78174.399999999994,78174.410000000003,78174.404999999999,0.010000000009,0.001279191061,"[{""price"":78174.4,""size"":0.51301509,""num_orders"":12},{""price"":78174.0,""size"":0.0368,""num_orders"":1},{""price"":78173.03,""size"":0.00372,""num_orders"":1},{""price"":78172.04,""size"":0.23312975,""num_orders"":1},{""price"":78172.03,""size"":0.07041632,""num_orders"":1},{""price"":78172.01,""size"":0.07674688,""num_orders"":1},{""price"":78172.0,""size"":0.0387,""num_orders"":1},{""price"":78171.66,""size"":0.00127919,""num_orders"":1},{""price"":78171.42,""size"":0.01083443,""num_orders"":4},{""price"":78170.89,""size"":0.00046588,""num_orders"":2}]","[{""price"":78174.41,""size"":0.8219086,""num_orders"":2},{""price"":78176.12,""size"":0.00063959,""num_orders"":1},{""price"":78181.33,""size"":0.003836,""num_orders"":1},{""price"":78182.0,""size"":0.0429,""num_orders"":1},{""price"":78182.02,""size"":9.717e-05,""num_orders"":2},{""price"":78182.22,""size"":0.0961,""num_orders"":1},{""price"":78182.39,""size"":0.07674688,""num_orders"":1},{""price"":78182.4,""size"":1.09341117,""num_orders"":1},{""price"":78183.69,""size"":0.00511451,""num_orders"":1},{""price"":78183.7,""size"":1.5e-05,""num_orders"":1}]"
btc_usd_d10_20260517T000204Z,7,2026-05-17T00:09:04.131152Z,2026-05-17T00:09:04.131339Z,BTC-USD,10,ok,,128315960624,2026-05-17T00:09:01.647395566Z,0.22896274,0.80680058,-0.557885984995,78174.399999999994,78174.410000000003,78174.404999999999,0.010000000009,0.001279191061,"[{""price"":78174.4,""size"":0.07169002,""num_orders"":10},{""price"":78174.34,""size"":0.00181571,""num_orders"":1},{""price"":78172.83,""size"":0.00639608,""num_orders"":1},{""price"":78171.85,""size"":0.003834,""num_orders"":1},{""price"":78171.66,""size"":0.00127919,""num_orders"":1},{""price"":78171.42,""size"":0.01083443,""num_orders"":4},{""price"":78170.89,""size"":0.00046588,""num_orders"":2},{""price"":78170.17,""size"":0.0259,""num_orders"":1},{""price"":78170.0,""size"":0.08116465,""num_orders"":2},{""price"":78169.98,""size"":0.02558278,""num_orders"":1}]","[{""price"":78174.41,""size"":0.48425671,""num_orders"":3},{""price"":78174.46,""size"":0.00063959,""num_orders"":1},{""price"":78175.98,""size"":0.00639583,""num_orders"":1},{""price"":78176.0,""size"":0.0429,""num_orders"":1},{""price"":78177.15,""size"":0.04522527,""num_orders"":2},{""price"":78177.38,""size"":0.14040719,""num_orders"":1},{""price"":78177.39,""size"":0.07674688,""num_orders"":1},{""price"":78177.91,""size"":0.003836,""num_orders"":1},{""price"":78178.29,""size"":0.00127913,""num_orders"":1},{""price"":78179.99,""size"":0.00511398,""num_orders"":1}]"
btc_usd_d10_20260517T000204Z,8,2026-05-17T00:10:04.131152Z,2026-05-17T00:10:04.131278Z,BTC-USD,10,ok,,128315987631,2026-05-17T00:10:02.658066906Z,2.19937511,0.50672927,0.625491704056,78183.210000000006,78183.220000000001,78183.214999999997,0.009999999995,0.001279046915,"[{""price"":78183.21,""size"":1.76375439,""num_orders"":12},{""price"":78183.2,""size"":0.07041632,""num_orders"":1},{""price"":78183.1,""size"":0.00127821,""num_orders"":1},{""price"":78182.6,""size"":0.13026413,""num_orders"":1},{""price"":78182.59,""size"":0.14,""num_orders"":3},{""price"":78181.83,""size"":0.01023,""num_orders"":1},{""price"":78181.4,""size"":0.00025582,""num_orders"":1},{""price"":78181.08,""size"":0.01278916,""num_orders"":1},{""price"":78180.97,""size"":0.03840961,""num_orders"":1},{""price"":78180.02,""size"":0.03197747,""num_orders"":1}]","[{""price"":78183.22,""size"":0.24849576,""num_orders"":1},{""price"":78185.96,""size"":0.00127904,""num_orders"":1},{""price"":78188.0,""size"":0.04496161,""num_orders"":2},{""price"":78188.84,""size"":6.004e-05,""num_orders"":1},{""price"":78189.65,""size"":0.0015988,""num_orders"":1},{""price"":78191.81,""size"":0.04390833,""num_orders"":2},{""price"":78192.0,""size"":0.0429,""num_orders"":1},{""price"":78193.63,""size"":0.07838736,""num_orders"":2},{""price"":78194.0,""size"":0.0429,""num_orders"":1},{""price"":78194.31,""size"":0.00223833,""num_orders"":1}]"
btc_usd_d10_20260517T000204Z,9,2026-05-17T00:11:04.131152Z,2026-05-17T00:11:04.131281Z,BTC-USD,10,ok,,128316033636,2026-05-17T00:11:03.664879005Z,0.1350382,0.89217313,-0.737078055788,78183.699999999997,78183.710000000006,78183.705000000002,0.010000000009,0.001279038901,"[{""price"":78183.7,""size"":0.02505664,""num_orders"":6},{""price"":78183.24,""size"":0.008,""num_orders"":1},{""price"":78182.29,""size"":0.008,""num_orders"":1},{""price"":78182.13,""size"":0.00639532,""num_orders"":1},{""price"":78181.26,""size"":0.008,""num_orders"":1},{""price"":78181.22,""size"":0.00127903,""num_orders"":1},{""price"":78180.0,""size"":0.01,""num_orders"":1},{""price"":78178.08,""size"":0.02455821,""num_orders"":1},{""price"":78178.07,""size"":0.003749,""num_orders"":1},{""price"":78178.05,""size"":0.04,""num_orders"":1}]","[{""price"":78183.71,""size"":0.39478346,""num_orders"":2},{""price"":78184.0,""size"":0.03680444,""num_orders"":1},{""price"":78184.48,""size"":0.003832,""num_orders"":1},{""price"":78185.28,""size"":0.00639507,""num_orders"":1},{""price"":78185.68,""size"":0.04832306,""num_orders"":1},{""price"":78185.69,""size"":0.17619287,""num_orders"":1},{""price"":78185.71,""size"":0.1471632,""num_orders"":2},{""price"":78186.0,""size"":0.0387,""num_orders"":1},{""price"":78186.45,""size"":0.00127903,""num_orders"":1},{""price"":78188.0,""size"":0.0387,""num_orders"":1}]"
btc_usd_d10_20260517T000204Z,10,2026-05-17T00:12:04.131152Z,2026-05-17T00:12:04.131288Z,BTC-USD,10,ok,,128316068834,2026-05-17T00:12:01.047447467Z,0.45974427,0.16757689,0.465738123675,78159.990000000005,78160,78159.994999999995,0.009999999995,0.001279426898,"[{""price"":78159.99,""size"":0.05785374,""num_orders"":6},{""price"":78158.42,""size"":0.00639726,""num_orders"":1},{""price"":78157.99,""size"":0.02056814,""num_orders"":1},{""price"":78157.46,""size"":0.07633318,""num_orders"":2},{""price"":78157.25,""size"":0.00127942,""num_orders"":1},{""price"":78156.02,""size"":0.0245965,""num_orders"":1},{""price"":78156.01,""size"":0.15435403,""num_orders"":1},{""price"":78156.0,""size"":0.0284,""num_orders"":1},{""price"":78154.72,""size"":0.01321512,""num_orders"":1},{""price"":78154.41,""size"":0.07674688,""num_orders"":1}]","[{""price"":78160.0,""size"":0.00063971,""num_orders"":1},{""price"":78161.35,""size"":0.00511398,""num_orders"":1},{""price"":78161.36,""size"":0.00178764,""num_orders"":1},{""price"":78161.57,""size"":0.00639701,""num_orders"":1},{""price"":78161.77,""size"":0.003833,""num_orders"":1},{""price"":78162.0,""size"":0.0332,""num_orders"":1},{""price"":78162.74,""size"":0.00127942,""num_orders"":1},{""price"":78163.98,""size"":0.04212613,""num_orders"":1},{""price"":78163.99,""size"":0.04,""num_orders"":1},{""price"":78164.0,""size"":0.0332,""num_orders"":1}]"
btc_usd_d10_20260517T000204Z,11,2026-05-17T00:13:04.131152Z,2026-05-17T00:13:04.131283Z,BTC-USD,10,ok,,128316096354,2026-05-17T00:13:03.854335319Z,0.31313084,0.76838195,-0.42093918279,78174.800000000003,78174.809999999998,78174.804999999993,0.009999999995,0.001279184514,"[{""price"":78174.8,""size"":0.18803837,""num_orders"":3},{""price"":78173.8,""size"":0.00112687,""num_orders"":1},{""price"":78173.29,""size"":0.02558235,""num_orders"":1},{""price"":78173.23,""size"":0.00639605,""num_orders"":1},{""price"":78172.99,""size"":0.00018471,""num_orders"":1},{""price"":78172.43,""size"":0.00110267,""num_orders"":1},{""price"":78171.82,""size"":0.00127918,""num_orders"":1},{""price"":78171.34,""size"":0.06,""num_orders"":2},{""price"":78170.96,""size"":0.02558464,""num_orders"":1},{""price"":78170.42,""size"":0.003836,""num_orders"":1}]","[{""price"":78174.81,""size"":0.52555937,""num_orders"":4},{""price"":78176.37,""size"":0.04369977,""num_orders"":2},{""price"":78176.38,""size"":0.00639579,""num_orders"":1},{""price"":78177.54,""size"":0.00511416,""num_orders"":1},{""price"":78177.55,""size"":0.00127918,""num_orders"":1},{""price"":78177.89,""size"":0.00127914,""num_orders"":1},{""price"":78177.99,""size"":0.07877766,""num_orders"":1},{""price"":78178.0,""size"":0.0257,""num_orders"":1},{""price"":78178.46,""size"":0.00383,""num_orders"":1},{""price"":78178.52,""size"":0.07674688,""num_orders"":1}]"
btc_usd_d10_20260517T000204Z,12,2026-05-17T00:14:04.131152Z,2026-05-17T00:14:04.131282Z,BTC-USD,10,ok,,128316124793,2026-05-17T00:14:04.145501465Z,0.39131339,0.60902018,-0.217634193762,78158.570000000007,78158.580000000002,78158.575000000012,0.009999999995,0.001279450143,"[{""price"":78158.57,""size"":0.05179644,""num_orders"":2},{""price"":78158.04,""size"":0.00352,""num_orders"":1},{""price"":78157.92,""size"":0.0255885,""num_orders"":1},{""price"":78153.81,""size"":0.02502096,""num_orders"":2},{""price"":78153.01,""size"":0.04,""num_orders"":1},{""price"":78153.0,""size"":0.11674688,""num_orders"":2},{""price"":78152.99,""size"":0.010231,""num_orders"":1},{""price"":78152.96,""size"":0.04,""num_orders"":1},{""price"":78152.95,""size"":0.03840961,""num_orders"":1},{""price"":78152.94,""size"":0.04,""num_orders"":1}]","[{""price"":78158.58,""size"":0.0449,""num_orders"":1},{""price"":78159.99,""size"":0.03691787,""num_orders"":1},{""price"":78160.0,""size"":0.0311,""num_orders"":1},{""price"":78160.79,""size"":0.11041632,""num_orders"":2},{""price"":78161.38,""size"":0.15580541,""num_orders"":1},{""price"":78161.39,""size"":0.07674688,""num_orders"":1},{""price"":78162.0,""size"":0.0311,""num_orders"":1},{""price"":78162.35,""size"":0.04012743,""num_orders"":2},{""price"":78162.36,""size"":0.00515939,""num_orders"":2},{""price"":78163.99,""size"":0.07674688,""num_orders"":1}]"
btc_usd_d10_20260517T000204Z,13,2026-05-17T00:15:04.131152Z,2026-05-17T00:15:04.131281Z,BTC-USD,10,ok,,128316149530,2026-05-17T00:15:02.362639615Z,0.31350959,0.34205259,-0.043539729519,78149.990000000005,78150,78149.994999999995,0.009999999995,0.001279590612,"[{""price"":78149.99,""size"":0.07148691,""num_orders"":4},{""price"":78149.7,""size"":0.003435,""num_orders"":1},{""price"":78149.61,""size"":8.202e-05,""num_orders"":1},{""price"":78148.96,""size"":0.06,""num_orders"":2},{""price"":78148.32,""size"":0.00639809,""num_orders"":1},{""price"":78147.01,""size"":0.02558905,""num_orders"":1},{""price"":78146.88,""size"":0.00127958,""num_orders"":1},{""price"":78146.01,""size"":0.07674688,""num_orders"":1},{""price"":78146.0,""size"":0.0429,""num_orders"":1},{""price"":78145.5,""size"":0.02559206,""num_orders"":1}]","[{""price"":78150.0,""size"":0.04643243,""num_orders"":4},{""price"":78151.14,""size"":0.04122786,""num_orders"":1},{""price"":78151.15,""size"":0.07674688,""num_orders"":1},{""price"":78151.19,""size"":0.00858028,""num_orders"":2},{""price"":78151.47,""size"":0.00639783,""num_orders"":1},{""price"":78152.0,""size"":0.0429,""num_orders"":1},{""price"":78152.48,""size"":0.00063979,""num_orders"":1},{""price"":78152.64,""size"":0.00127959,""num_orders"":1},{""price"":78153.58,""size"":0.00127954,""num_orders"":1},{""price"":78153.76,""size"":0.11656839,""num_orders"":1}]"
btc_usd_d10_20260517T000204Z,14,2026-05-17T00:16:04.131152Z,2026-05-17T00:16:04.131291Z,BTC-USD,10,ok,,128316171847,2026-05-17T00:16:02.694016403Z,2.79745918,0.30320635,0.804424987432,78164.979999999996,78164.990000000005,78164.985000000001,0.010000000009,0.001279345222,"[{""price"":78164.98,""size"":2.07811316,""num_orders"":13},{""price"":78164.97,""size"":0.35784178,""num_orders"":6},{""price"":78163.41,""size"":0.00639685,""num_orders"":1},{""price"":78163.02,""size"":0.01279406,""num_orders"":1},{""price"":78162.23,""size"":0.03326409,""num_orders"":2},{""price"":78161.69,""size"":0.056692,""num_orders"":4},{""price"":78161.58,""size"":0.1462,""num_orders"":1},{""price"":78161.07,""size"":0.05115724,""num_orders"":1},{""price"":78161.06,""size"":0.0275,""num_orders"":1},{""price"":78160.59,""size"":0.0275,""num_orders"":1}]","[{""price"":78164.99,""size"":0.008,""num_orders"":3},{""price"":78165.0,""size"":0.05,""num_orders"":1},{""price"":78166.56,""size"":0.0063966,""num_orders"":1},{""price"":78167.6,""size"":0.03724165,""num_orders"":1},{""price"":78167.61,""size"":0.07674688,""num_orders"":1},{""price"":78167.73,""size"":0.00127934,""num_orders"":1},{""price"":78169.08,""size"":0.00388,""num_orders"":1},{""price"":78169.96,""size"":0.07674688,""num_orders"":1},{""price"":78170.0,""size"":0.0429,""num_orders"":1},{""price"":78170.89,""size"":1.5e-05,""num_orders"":1}]"
btc_usd_d10_20260517T000204Z,15,2026-05-17T00:17:04.131152Z,2026-05-17T00:17:04.131293Z,BTC-USD,10,ok,,128316198244,2026-05-17T00:17:03.350086043Z,0.47967247,0.36588563,0.134570102279,78166.979999999996,78166.990000000005,78166.985000000001,0.010000000009,0.001279312488,"[{""price"":78166.98,""size"":0.04546325,""num_orders"":3},{""price"":78165.61,""size"":0.00074529,""num_orders"":1},{""price"":78164.99,""size"":0.02911468,""num_orders"":1},{""price"":78164.98,""size"":0.08830716,""num_orders"":1},{""price"":78164.97,""size"":0.13403841,""num_orders"":1},{""price"":78164.0,""size"":0.0429,""num_orders"":1},{""price"":78162.99,""size"":0.00127933,""num_orders"":1},{""price"":78162.9,""size"":0.07674688,""num_orders"":1},{""price"":78162.74,""size"":0.01279118,""num_orders"":1},{""price"":78162.66,""size"":0.04828629,""num_orders"":1}]","[{""price"":78166.99,""size"":0.007,""num_orders"":1},{""price"":78167.97,""size"":0.00012257,""num_orders"":2},{""price"":78167.99,""size"":0.18858568,""num_orders"":2},{""price"":78168.0,""size"":0.0429,""num_orders"":1},{""price"":78169.96,""size"":0.03670463,""num_orders"":1},{""price"":78169.97,""size"":0.04,""num_orders"":1},{""price"":78169.98,""size"":0.00127927,""num_orders"":1},{""price"":78170.0,""size"":0.0429,""num_orders"":1},{""price"":78170.03,""size"":0.00127932,""num_orders"":1},{""price"":78170.88,""size"":0.00511416,""num_orders"":1}]"
btc_usd_d10_20260517T000204Z,16,2026-05-17T00:18:04.131152Z,2026-05-17T00:18:04.131287Z,BTC-USD,10,ok,,128316219181,2026-05-17T00:18:03.850493112Z,0.63000559,0.27370284,0.394267374489,78178.990000000005,78179,78178.994999999995,0.009999999995,0.001279115956,"[{""price"":78178.99,""size"":0.42461858,""num_orders"":10},{""price"":78178.64,""size"":0.010232,""num_orders"":1},{""price"":78178.0,""size"":0.0429,""num_orders"":1},{""price"":78177.99,""size"":0.07674688,""num_orders"":1},{""price"":78177.53,""size"":0.003837,""num_orders"":1},{""price"":78177.42,""size"":0.00639571,""num_orders"":1},{""price"":78177.26,""size"":0.01279335,""num_orders"":1},{""price"":78176.25,""size"":0.00127911,""num_orders"":1},{""price"":78176.08,""size"":0.01279335,""num_orders"":1},{""price"":78176.02,""size"":0.03840961,""num_orders"":1}]","[{""price"":78179.0,""size"":0.0137863,""num_orders"":3},{""price"":78180.57,""size"":0.00639545,""num_orders"":1},{""price"":78183.7,""size"":1.5e-05,""num_orders"":1},{""price"":78184.0,""size"":0.0429,""num_orders"":1},{""price"":78186.04,""size"":0.00388,""num_orders"":1},{""price"":78186.72,""size"":0.07041632,""num_orders"":1},{""price"":78187.11,""size"":0.00776,""num_orders"":1},{""price"":78187.97,""size"":1.5e-05,""num_orders"":1},{""price"":78189.76,""size"":0.05178789,""num_orders"":1},{""price"":78189.77,""size"":0.07674688,""num_orders"":1}]"
btc_usd_d10_20260517T000204Z,17,2026-05-17T00:19:04.131152Z,2026-05-17T00:19:04.131283Z,BTC-USD,10,ok,,128316243273,2026-05-17T00:19:03.351920912Z,0.35607216,1.32538414,-0.576471704914,78158.080000000002,78158.089999999997,78158.084999999992,0.009999999995,0.001279458164,"[{""price"":78158.08,""size"":1.5e-05,""num_orders"":1},{""price"":78155.28,""size"":0.0254,""num_orders"":1},{""price"":78155.0,""size"":0.01,""num_orders"":1},{""price"":78154.1,""size"":0.0254,""num_orders"":1},{""price"":78153.81,""size"":1.5e-05,""num_orders"":1},{""price"":78150.0,""size"":0.01,""num_orders"":1},{""price"":78148.48,""size"":0.0767798,""num_orders"":1},{""price"":78148.24,""size"":0.07674688,""num_orders"":1},{""price"":78148.23,""size"":0.10613048,""num_orders"":2},{""price"":78146.97,""size"":0.025585,""num_orders"":1}]","[{""price"":78158.09,""size"":0.5401531,""num_orders"":6},{""price"":78159.54,""size"":0.08708667,""num_orders"":1},{""price"":78159.55,""size"":0.06753107,""num_orders"":1},{""price"":78159.84,""size"":0.07674688,""num_orders"":1},{""price"":78159.85,""size"":0.0566349,""num_orders"":1},{""price"":78159.89,""size"":0.16428432,""num_orders"":2},{""price"":78160.0,""size"":0.0429,""num_orders"":1},{""price"":78161.24,""size"":0.15839426,""num_orders"":1},{""price"":78161.25,""size"":0.02385897,""num_orders"":1},{""price"":78161.26,""size"":0.10779397,""num_orders"":2}]"
btc_usd_d10_20260517T000204Z,18,2026-05-17T00:20:04.131152Z,2026-05-17T00:20:04.131278Z,BTC-USD,10,ok,,128316265764,2026-05-17T00:20:03.619351490Z,0.44899014,0.91643933,-0.342345906742,78165.539999999994,78165.550000000003,78165.544999999998,0.010000000009,0.001279336056,"[{""price"":78165.54,""size"":0.16048832,""num_orders"":5},{""price"":78163.97,""size"":0.00639681,""num_orders"":1},{""price"":78163.82,""size"":0.00184477,""num_orders"":1},{""price"":78163.15,""size"":0.02530075,""num_orders"":1},{""price"":78162.8,""size"":0.00127933,""num_orders"":1},{""price"":78162.53,""size"":0.07674688,""num_orders"":1},{""price"":78160.95,""size"":0.02530075,""num_orders"":1},{""price"":78160.03,""size"":0.03198565,""num_orders"":1},{""price"":78160.02,""size"":0.07674688,""num_orders"":1},{""price"":78160.0,""size"":0.0429,""num_orders"":1}]","[{""price"":78165.55,""size"":0.62566284,""num_orders"":6},{""price"":78165.56,""size"":0.09454331,""num_orders"":1},{""price"":78165.93,""size"":0.03914851,""num_orders"":1},{""price"":78166.0,""size"":0.0429,""num_orders"":1},{""price"":78166.5,""size"":0.00511388,""num_orders"":1},{""price"":78166.51,""size"":0.01789759,""num_orders"":1},{""price"":78167.12,""size"":0.00639655,""num_orders"":1},{""price"":78167.99,""size"":0.03804165,""num_orders"":1},{""price"":78168.0,""size"":0.0429,""num_orders"":1},{""price"":78168.19,""size"":0.003835,""num_orders"":1}]"
btc_usd_d10_20260517T000204Z,19,2026-05-17T00:21:04.131152Z,2026-05-17T00:21:04.131292Z,BTC-USD,10,ok,,128316292121,2026-05-17T00:21:04.145288961Z,0.41324509,0.34868034,0.084738935672,78153.809999999998,78153.820000000007,78153.815000000002,0.010000000009,0.00127952807,"[{""price"":78153.81,""size"":0.0056934,""num_orders"":3},{""price"":78152.35,""size"":0.02559069,""num_orders"":1},{""price"":78152.24,""size"":0.00639777,""num_orders"":1},{""price"":78151.07,""size"":0.00127952,""num_orders"":1},{""price"":78150.73,""size"":0.07674688,""num_orders"":1},{""price"":78150.0,""size"":0.0529,""num_orders"":2},{""price"":78148.28,""size"":0.04,""num_orders"":1},{""price"":78148.27,""size"":0.03199047,""num_orders"":1},{""price"":78148.24,""size"":0.07674688,""num_orders"":1},{""price"":78148.23,""size"":0.09589948,""num_orders"":1}]","[{""price"":78153.82,""size"":0.01908023,""num_orders"":3},{""price"":78153.98,""size"":0.03804165,""num_orders"":1},{""price"":78153.99,""size"":0.11602084,""num_orders"":1},{""price"":78154.29,""size"":0.00063976,""num_orders"":1},{""price"":78155.39,""size"":0.00639751,""num_orders"":1},{""price"":78155.69,""size"":0.03345995,""num_orders"":1},{""price"":78156.0,""size"":0.04678,""num_orders"":2},{""price"":78156.54,""size"":0.07674688,""num_orders"":1},{""price"":78156.55,""size"":0.010234,""num_orders"":1},{""price"":78156.56,""size"":0.00127952,""num_orders"":1}]"
btc_usd_d10_20260517T000204Z,20,2026-05-17T00:22:04.131152Z,2026-05-17T00:22:04.131283Z,BTC-USD,10,ok,,128316329814,2026-05-17T00:22:03.854505305Z,0.34621109,0.42112876,-0.097632971883,78112.679999999993,78113.759999999995,78113.220000000001,1.080000000002,0.138260847524,"[{""price"":78112.68,""size"":0.00959311,""num_orders"":2},{""price"":78112.67,""size"":0.07045589,""num_orders"":2},{""price"":78111.11,""size"":0.03291927,""num_orders"":6},{""price"":78110.4,""size"":0.003818,""num_orders"":1},{""price"":78110.02,""size"":0.04,""num_orders"":1},{""price"":78110.0,""size"":0.0429,""num_orders"":1},{""price"":78108.37,""size"":0.00128022,""num_orders"":1},{""price"":78108.0,""size"":0.0429,""num_orders"":1},{""price"":78107.91,""size"":0.07674688,""num_orders"":1},{""price"":78107.51,""size"":0.02559772,""num_orders"":1}]","[{""price"":78113.76,""size"":0.01040688,""num_orders"":1},{""price"":78113.77,""size"":0.00064011,""num_orders"":1},{""price"":78115.99,""size"":0.02637558,""num_orders"":1},{""price"":78116.0,""size"":0.0429,""num_orders"":1},{""price"":78116.59,""size"":0.0012802,""num_orders"":1},{""price"":78117.96,""size"":0.03586706,""num_orders"":1},{""price"":78117.97,""size"":0.18017505,""num_orders"":1},{""price"":78117.98,""size"":0.07674688,""num_orders"":1},{""price"":78118.0,""size"":0.0429,""num_orders"":1},{""price"":78119.91,""size"":0.003837,""num_orders"":1}]"
btc_usd_d10_20260517T000204Z,21,2026-05-17T00:23:04.131152Z,2026-05-17T00:23:04.131277Z,BTC-USD,10,ok,,128316360113,2026-05-17T00:23:02.700202566Z,0.43304172,0.27875552,0.216755827825,78123.910000000003,78123.919999999998,78123.915000000008,0.009999999995,0.001280017776,"[{""price"":78123.91,""size"":0.11240115,""num_orders"":6},{""price"":78123.89,""size"":0.00097023,""num_orders"":1},{""price"":78123.05,""size"":0.06,""num_orders"":2},{""price"":78122.32,""size"":0.00640022,""num_orders"":1},{""price"":78122.0,""size"":0.0429,""num_orders"":1},{""price"":78121.85,""size"":0.02559965,""num_orders"":1},{""price"":78121.15,""size"":0.00128001,""num_orders"":1},{""price"":78120.33,""size"":0.04,""num_orders"":1},{""price"":78120.32,""size"":0.02583006,""num_orders"":1},{""price"":78120.31,""size"":0.1176604,""num_orders"":1}]","[{""price"":78123.92,""size"":1.5e-05,""num_orders"":1},{""price"":78125.39,""size"":0.003177,""num_orders"":1},{""price"":78125.47,""size"":0.07041632,""num_orders"":1},{""price"":78126.0,""size"":0.0429,""num_orders"":1},{""price"":78126.64,""size"":0.00128001,""num_orders"":1},{""price"":78126.87,""size"":0.00639985,""num_orders"":1},{""price"":78127.94,""size"":0.00511388,""num_orders"":1},{""price"":78127.95,""size"":0.02980658,""num_orders"":1},{""price"":78128.0,""size"":0.0429,""num_orders"":1},{""price"":78128.13,""size"":0.07674688,""num_orders"":1}]"
btc_usd_d10_20260517T000204Z,22,2026-05-17T00:24:04.131152Z,2026-05-17T00:24:04.131277Z,BTC-USD,10,ok,,128316383239,2026-05-17T00:24:01.197461859Z,0.17438623,1.69059831,-0.812989087834,78125.380000000005,78125.389999999999,78125.385000000009,0.009999999995,0.001279993692,"[{""price"":78125.38,""size"":0.00310671,""num_orders"":4},{""price"":78123.98,""size"":3.257e-05,""num_orders"":1},{""price"":78123.91,""size"":0.00124415,""num_orders"":1},{""price"":78123.81,""size"":0.0064001,""num_orders"":1},{""price"":78123.69,""size"":0.03642167,""num_orders"":1},{""price"":78123.28,""size"":0.06,""num_orders"":2},{""price"":78122.03,""size"":0.00127999,""num_orders"":1},{""price"":78120.58,""size"":0.02559931,""num_orders"":1},{""price"":78120.28,""size"":0.02750153,""num_orders"":1},{""price"":78120.16,""size"":0.0128002,""num_orders"":1}]","[{""price"":78125.39,""size"":1.29473992,""num_orders"":3},{""price"":78125.46,""size"":0.14825183,""num_orders"":1},{""price"":78125.47,""size"":0.07041632,""num_orders"":1},{""price"":78126.96,""size"":0.00639984,""num_orders"":1},{""price"":78127.69,""size"":0.00511761,""num_orders"":1},{""price"":78127.7,""size"":0.03669192,""num_orders"":1},{""price"":78127.77,""size"":0.010239,""num_orders"":1},{""price"":78128.0,""size"":0.0407,""num_orders"":1},{""price"":78128.13,""size"":0.07802687,""num_orders"":2},{""price"":78128.19,""size"":1.5e-05,""num_orders"":1}]"
btc_usd_d10_20260517T000204Z,23,2026-05-17T00:25:04.131152Z,2026-05-17T00:25:04.131288Z,BTC-USD,10,ok,,128316411401,2026-05-17T00:25:01.152980632Z,0.40826113,1.3911179,-0.546219975677,78144,78144.009999999995,78144.005000000005,0.009999999995,0.001279688697,"[{""price"":78144.0,""size"":0.05744224,""num_orders"":6},{""price"":78143.98,""size"":0.00124399,""num_orders"":1},{""price"":78143.73,""size"":0.24999115,""num_orders"":1},{""price"":78142.51,""size"":0.02670006,""num_orders"":2},{""price"":78142.5,""size"":0.04831342,""num_orders"":1},{""price"":78142.3,""size"":0.003838,""num_orders"":1},{""price"":78142.16,""size"":0.00639859,""num_orders"":1},{""price"":78140.99,""size"":0.00127969,""num_orders"":1},{""price"":78140.92,""size"":0.00025595,""num_orders"":1},{""price"":78140.51,""size"":0.01279804,""num_orders"":1}]","[{""price"":78144.01,""size"":1.12721419,""num_orders"":4},{""price"":78144.47,""size"":0.07674688,""num_orders"":1},{""price"":78145.58,""size"":0.00639831,""num_orders"":1},{""price"":78146.75,""size"":0.04450703,""num_orders"":2},{""price"":78147.14,""size"":0.07674688,""num_orders"":1},{""price"":78147.16,""size"":0.00776,""num_orders"":1},{""price"":78148.0,""size"":0.0429,""num_orders"":1},{""price"":78148.39,""size"":0.00511761,""num_orders"":1},{""price"":78148.4,""size"":0.003712,""num_orders"":1},{""price"":78149.54,""size"":1.5e-05,""num_orders"":1}]"
btc_usd_d10_20260517T000204Z,24,2026-05-17T00:26:04.131152Z,2026-05-17T00:26:04.131289Z,BTC-USD,10,ok,,128316429821,2026-05-17T00:26:03.084554843Z,0.20785912,0.69967355,-0.541924766191,78133.210000000006,78133.220000000001,78133.214999999997,0.009999999995,0.001279865419,"[{""price"":78133.21,""size"":0.00752358,""num_orders"":2},{""price"":78132.46,""size"":1.5e-05,""num_orders"":1},{""price"":78130.57,""size"":0.02559392,""num_orders"":1},{""price"":78130.0,""size"":0.01026699,""num_orders"":2},{""price"":78128.47,""size"":0.00063989,""num_orders"":1},{""price"":78128.19,""size"":1.5e-05,""num_orders"":1},{""price"":78127.97,""size"":0.00127911,""num_orders"":1},{""price"":78125.39,""size"":0.1462,""num_orders"":1},{""price"":78125.07,""size"":0.00632563,""num_orders"":1},{""price"":78125.0,""size"":0.01,""num_orders"":1}]","[{""price"":78133.22,""size"":0.11460636,""num_orders"":3},{""price"":78133.75,""size"":0.274046,""num_orders"":1},{""price"":78133.76,""size"":0.01007153,""num_orders"":1},{""price"":78133.79,""size"":0.0167882,""num_orders"":1},{""price"":78133.89,""size"":0.03841066,""num_orders"":1},{""price"":78135.0,""size"":0.07674688,""num_orders"":1},{""price"":78136.2,""size"":0.01225704,""num_orders"":1},{""price"":78136.46,""size"":0.04,""num_orders"":1},{""price"":78137.35,""size"":0.07674688,""num_orders"":1},{""price"":78137.45,""size"":0.04,""num_orders"":1}]"
btc_usd_d10_20260517T000204Z,25,2026-05-17T00:27:04.131152Z,2026-05-17T00:27:04.131282Z,BTC-USD,10,ok,,128316462367,2026-05-17T00:27:03.145982238Z,0.5812712,0.33634808,0.26691147989,78115.369999999995,78115.380000000005,78115.375,0.010000000009,0.001280157717,"[{""price"":78115.37,""size"":0.10325065,""num_orders"":7},{""price"":78114.99,""size"":0.22042566,""num_orders"":2},{""price"":78114.11,""size"":0.04,""num_orders"":1},{""price"":78114.1,""size"":0.04656004,""num_orders"":1},{""price"":78114.01,""size"":0.00964528,""num_orders"":1},{""price"":78114.0,""size"":0.0429,""num_orders"":1},{""price"":78113.94,""size"":0.01434451,""num_orders"":1},{""price"":78113.42,""size"":0.00640095,""num_orders"":1},{""price"":78113.09,""size"":0.07674688,""num_orders"":1},{""price"":78113.08,""size"":0.02099723,""num_orders"":1}]","[{""price"":78115.38,""size"":1.5e-05,""num_orders"":1},{""price"":78115.41,""size"":0.00378,""num_orders"":1},{""price"":78116.98,""size"":0.00640066,""num_orders"":1},{""price"":78119.65,""size"":1.5e-05,""num_orders"":1},{""price"":78119.99,""size"":0.03172458,""num_orders"":1},{""price"":78120.0,""size"":0.0429,""num_orders"":1},{""price"":78120.84,""size"":0.01024,""num_orders"":1},{""price"":78121.98,""size"":0.17137765,""num_orders"":2},{""price"":78122.0,""size"":0.0429,""num_orders"":1},{""price"":78122.28,""size"":0.02699519,""num_orders"":2}]"
btc_usd_d10_20260517T000204Z,26,2026-05-17T00:28:04.131152Z,2026-05-17T00:28:04.131284Z,BTC-USD,10,ok,,128316480360,2026-05-17T00:28:03.655729133Z,0.2884129,0.44828782,-0.217014746504,78128.199999999997,78128.210000000006,78128.205000000002,0.010000000009,0.001279947493,"[{""price"":78128.2,""size"":0.01947942,""num_orders"":7},{""price"":78128.18,""size"":0.13243075,""num_orders"":1},{""price"":78128.11,""size"":0.00080632,""num_orders"":1},{""price"":78128.06,""size"":5.411e-05,""num_orders"":1},{""price"":78126.75,""size"":0.03199928,""num_orders"":1},{""price"":78126.74,""size"":0.02559912,""num_orders"":1},{""price"":78126.63,""size"":0.00639987,""num_orders"":1},{""price"":78126.01,""size"":4.403e-05,""num_orders"":1},{""price"":78126.0,""size"":0.0429,""num_orders"":1},{""price"":78125.61,""size"":0.0287,""num_orders"":1}]","[{""price"":78128.21,""size"":0.08620386,""num_orders"":2},{""price"":78128.31,""size"":0.01815472,""num_orders"":1},{""price"":78129.07,""size"":0.003838,""num_orders"":1},{""price"":78129.78,""size"":0.00639961,""num_orders"":1},{""price"":78130.95,""size"":0.00127994,""num_orders"":1},{""price"":78131.22,""size"":0.04,""num_orders"":1},{""price"":78131.23,""size"":0.1698472,""num_orders"":2},{""price"":78131.24,""size"":0.07674688,""num_orders"":1},{""price"":78132.0,""size"":0.0407,""num_orders"":1},{""price"":78132.45,""size"":0.00511761,""num_orders"":1}]"
btc_usd_d10_20260517T000204Z,27,2026-05-17T00:29:04.131152Z,2026-05-17T00:29:04.131284Z,BTC-USD,10,ok,,128316506460,2026-05-17T00:29:02.546341331Z,0.31776731,1.47049614,-0.644607946329,78101,78101.009999999995,78101.005000000005,0.009999999995,0.001280393254,"[{""price"":78101.0,""size"":0.0047833,""num_orders"":4},{""price"":78100.01,""size"":0.07674688,""num_orders"":1},{""price"":78100.0,""size"":0.0406,""num_orders"":1},{""price"":78099.43,""size"":0.0064021,""num_orders"":1},{""price"":78098.3,""size"":1.5e-05,""num_orders"":1},{""price"":78098.26,""size"":0.00128039,""num_orders"":1},{""price"":78098.0,""size"":0.0406,""num_orders"":1},{""price"":78097.27,""size"":0.02999276,""num_orders"":2},{""price"":78096.01,""size"":0.07674688,""num_orders"":1},{""price"":78096.0,""size"":0.0406,""num_orders"":1}]","[{""price"":78101.01,""size"":1.26586366,""num_orders"":4},{""price"":78101.7,""size"":0.0010644,""num_orders"":1},{""price"":78102.05,""size"":0.06241068,""num_orders"":2},{""price"":78102.06,""size"":0.016,""num_orders"":1},{""price"":78102.58,""size"":0.00640184,""num_orders"":1},{""price"":78103.75,""size"":0.00128039,""num_orders"":1},{""price"":78105.52,""size"":0.01024,""num_orders"":1},{""price"":78106.0,""size"":0.0387,""num_orders"":1},{""price"":78106.17,""size"":0.06693468,""num_orders"":2},{""price"":78107.44,""size"":0.00160049,""num_orders"":1}]"
btc_usd_d10_20260517T000204Z,28,2026-05-17T00:30:04.131152Z,2026-05-17T00:30:04.131289Z,BTC-USD,10,ok,,128316539500,2026-05-17T00:30:03.744531709Z,0.66716693,0.47095452,0.172400239008,78149.419999999998,78149.429999999993,78149.424999999988,0.009999999995,0.001279599945,"[{""price"":78149.42,""size"":0.00207444,""num_orders"":2},{""price"":78148.0,""size"":0.03681686,""num_orders"":2},{""price"":78146.0,""size"":0.0368,""num_orders"":1},{""price"":78144.01,""size"":0.1176604,""num_orders"":1},{""price"":78144.0,""size"":0.0368,""num_orders"":1},{""price"":78143.68,""size"":0.22857231,""num_orders"":2},{""price"":78142.34,""size"":0.02,""num_orders"":1},{""price"":78142.14,""size"":0.04127972,""num_orders"":2},{""price"":78142.02,""size"":0.07674688,""num_orders"":1},{""price"":78142.01,""size"":0.07041632,""num_orders"":1}]","[{""price"":78149.43,""size"":0.007,""num_orders"":1},{""price"":78149.45,""size"":0.00459036,""num_orders"":1},{""price"":78149.55,""size"":0.07041632,""num_orders"":1},{""price"":78152.0,""size"":0.0387,""num_orders"":1},{""price"":78152.17,""size"":0.0012796,""num_orders"":1},{""price"":78152.34,""size"":0.003741,""num_orders"":1},{""price"":78153.99,""size"":0.07674688,""num_orders"":1},{""price"":78154.0,""size"":0.0387,""num_orders"":1},{""price"":78154.18,""size"":0.22818085,""num_orders"":1},{""price"":78155.86,""size"":0.00159951,""num_orders"":1}]"
btc_usd_d10_20260517T000204Z,29,2026-05-17T00:31:04.131152Z,2026-05-17T00:31:04.131286Z,BTC-USD,10,ok,,128316569225,2026-05-17T00:31:03.688983316Z,0.31163445,0.33417026,-0.034895703997,78144.850000000006,78144.860000000001,78144.85500000001,0.009999999995,0.001279674778,"[{""price"":78144.85,""size"":0.04102112,""num_orders"":7},{""price"":78144.2,""size"":0.00063983,""num_orders"":1},{""price"":78144.06,""size"":0.07041632,""num_orders"":1},{""price"":78144.05,""size"":0.07567519,""num_orders"":2},{""price"":78143.28,""size"":0.0063985,""num_orders"":1},{""price"":78142.11,""size"":0.03327266,""num_orders"":2},{""price"":78142.0,""size"":0.0314,""num_orders"":1},{""price"":78141.86,""size"":0.01279583,""num_orders"":1},{""price"":78141.0,""size"":1.5e-05,""num_orders"":1},{""price"":78140.85,""size"":0.04,""num_orders"":1}]","[{""price"":78144.86,""size"":0.03714261,""num_orders"":2},{""price"":78146.43,""size"":0.00734301,""num_orders"":2},{""price"":78147.5,""size"":0.06532766,""num_orders"":1},{""price"":78147.57,""size"":0.00127968,""num_orders"":1},{""price"":78148.0,""size"":0.0314,""num_orders"":1},{""price"":78148.76,""size"":0.07674688,""num_orders"":1},{""price"":78149.91,""size"":0.00511862,""num_orders"":1},{""price"":78149.92,""size"":0.04,""num_orders"":1},{""price"":78150.0,""size"":0.0314,""num_orders"":1},{""price"":78150.14,""size"":0.0384118,""num_orders"":1}]"
btc_usd_d10_20260517T000204Z,30,2026-05-17T00:32:04.131152Z,2026-05-17T00:32:04.131294Z,BTC-USD,10,ok,,128316589129,2026-05-17T00:32:03.758168840Z,0.22681832,0.58493068,-0.441161442761,78151.529999999999,78151.539999999994,78151.535000000003,0.009999999995,0.001279565398,"[{""price"":78151.53,""size"":0.00639519,""num_orders"":4},{""price"":78150.59,""size"":0.00063978,""num_orders"":1},{""price"":78149.96,""size"":0.00639796,""num_orders"":1},{""price"":78149.26,""size"":0.01279686,""num_orders"":1},{""price"":78148.79,""size"":0.00127956,""num_orders"":1},{""price"":78148.0,""size"":0.0314,""num_orders"":1},{""price"":78147.26,""size"":0.03199088,""num_orders"":1},{""price"":78147.23,""size"":0.02687121,""num_orders"":2},{""price"":78146.47,""size"":0.07674688,""num_orders"":1},{""price"":78146.09,""size"":0.0323,""num_orders"":1}]","[{""price"":78151.54,""size"":0.12372845,""num_orders"":3},{""price"":78152.0,""size"":0.0314,""num_orders"":1},{""price"":78152.61,""size"":0.07592121,""num_orders"":3},{""price"":78152.92,""size"":0.010235,""num_orders"":1},{""price"":78153.11,""size"":0.0063977,""num_orders"":1},{""price"":78153.96,""size"":0.04,""num_orders"":1},{""price"":78153.97,""size"":0.18052188,""num_orders"":2},{""price"":78153.98,""size"":0.07674688,""num_orders"":1},{""price"":78154.0,""size"":0.0387,""num_orders"":1},{""price"":78154.28,""size"":0.00127956,""num_orders"":1}]"
btc_usd_d10_20260517T000204Z,31,2026-05-17T00:33:04.131152Z,2026-05-17T00:33:04.131292Z,BTC-USD,10,ok,,128316614306,2026-05-17T00:33:01.669388797Z,0.30987217,0.397372,-0.123719407966,78129.509999999995,78129.520000000004,78129.514999999999,0.010000000009,0.001279926032,"[{""price"":78129.51,""size"":0.03409947,""num_orders"":9},{""price"":78128.22,""size"":0.03199868,""num_orders"":1},{""price"":78128.21,""size"":0.07041632,""num_orders"":1},{""price"":78128.19,""size"":0.02164303,""num_orders"":1},{""price"":78128.0,""size"":0.0314,""num_orders"":1},{""price"":78127.09,""size"":0.00025598,""num_orders"":1},{""price"":78126.77,""size"":0.00127992,""num_orders"":1},{""price"":78126.54,""size"":0.003833,""num_orders"":1},{""price"":78126.4,""size"":0.07674688,""num_orders"":1},{""price"":78126.39,""size"":0.03819889,""num_orders"":1}]","[{""price"":78129.52,""size"":0.06853464,""num_orders"":1},{""price"":78131.96,""size"":0.02176314,""num_orders"":1},{""price"":78131.97,""size"":0.07742489,""num_orders"":1},{""price"":78131.98,""size"":0.07674688,""num_orders"":1},{""price"":78132.0,""size"":0.0299,""num_orders"":1},{""price"":78132.26,""size"":0.00127992,""num_orders"":1},{""price"":78134.0,""size"":0.0299,""num_orders"":1},{""price"":78134.59,""size"":0.00105228,""num_orders"":1},{""price"":78134.74,""size"":0.04,""num_orders"":1},{""price"":78135.04,""size"":0.05077025,""num_orders"":2}]"
btc_usd_d10_20260517T000204Z,32,2026-05-17T00:34:04.131152Z,2026-05-17T00:34:04.131283Z,BTC-USD,10,ok,,128316637316,2026-05-17T00:34:02.674029829Z,0.36039771,0.23520069,0.210203754745,78140.710000000006,78140.720000000001,78140.714999999997,0.009999999995,0.001279742577,"[{""price"":78140.71,""size"":0.14732541,""num_orders"":8},{""price"":78140.0,""size"":0.0269,""num_orders"":1},{""price"":78139.14,""size"":0.00767861,""num_orders"":2},{""price"":78138.36,""size"":0.03199452,""num_orders"":1},{""price"":78138.35,""size"":0.03880067,""num_orders"":1},{""price"":78138.0,""size"":0.0284,""num_orders"":1},{""price"":78137.97,""size"":0.00127974,""num_orders"":1},{""price"":78137.88,""size"":0.00123016,""num_orders"":1},{""price"":78136.58,""size"":0.07674688,""num_orders"":1},{""price"":78136.54,""size"":4.172e-05,""num_orders"":1}]","[{""price"":78140.72,""size"":0.0791492,""num_orders"":5},{""price"":78142.26,""size"":0.00511862,""num_orders"":1},{""price"":78142.27,""size"":0.00186734,""num_orders"":1},{""price"":78142.28,""size"":0.02598933,""num_orders"":2},{""price"":78142.29,""size"":0.00639858,""num_orders"":1},{""price"":78143.46,""size"":0.00127974,""num_orders"":1},{""price"":78143.53,""size"":0.010236,""num_orders"":1},{""price"":78144.0,""size"":0.0284,""num_orders"":1},{""price"":78145.27,""size"":1.5e-05,""num_orders"":1},{""price"":78145.39,""size"":0.07674688,""num_orders"":1}]"
btc_usd_d10_20260517T000204Z,33,2026-05-17T00:35:04.131152Z,2026-05-17T00:35:04.131289Z,BTC-USD,10,ok,,128316659473,2026-05-17T00:35:02.701330216Z,0.4207553,0.417756,0.003576934503,78149.649999999994,78149.660000000003,78149.654999999999,0.010000000009,0.001279596181,"[{""price"":78149.65,""size"":0.18917913,""num_orders"":4},{""price"":78148.09,""size"":0.03199054,""num_orders"":1},{""price"":78148.08,""size"":0.00639811,""num_orders"":1},{""price"":78148.0,""size"":0.0256,""num_orders"":1},{""price"":78147.43,""size"":0.07674688,""num_orders"":1},{""price"":78146.79,""size"":0.00127959,""num_orders"":1},{""price"":78146.72,""size"":0.00106855,""num_orders"":1},{""price"":78146.48,""size"":0.02559214,""num_orders"":1},{""price"":78146.0,""size"":0.0256,""num_orders"":1},{""price"":78145.76,""size"":0.03730036,""num_orders"":1}]","[{""price"":78149.66,""size"":0.0701606,""num_orders"":3},{""price"":78151.22,""size"":0.00511595,""num_orders"":1},{""price"":78151.23,""size"":0.00639785,""num_orders"":1},{""price"":78151.99,""size"":0.0634938,""num_orders"":1},{""price"":78152.22,""size"":0.010236,""num_orders"":1},{""price"":78152.4,""size"":0.00127959,""num_orders"":1},{""price"":78152.75,""size"":0.06910099,""num_orders"":1},{""price"":78153.04,""size"":1.92e-05,""num_orders"":1},{""price"":78153.58,""size"":0.04,""num_orders"":1},{""price"":78153.59,""size"":0.15195202,""num_orders"":2}]"
btc_usd_d10_20260517T000204Z,34,2026-05-17T00:36:04.131152Z,2026-05-17T00:36:04.131325Z,BTC-USD,10,ok,,128316688165,2026-05-17T00:36:02.861027561Z,0.3565256,0.38332753,-0.036226014209,78186.190000000002,78186.199999999997,78186.195000000007,0.009999999995,0.001278998165,"[{""price"":78186.19,""size"":0.08424446,""num_orders"":4},{""price"":78186.0,""size"":0.0255,""num_orders"":1},{""price"":78184.81,""size"":0.00106825,""num_orders"":1},{""price"":78184.65,""size"":0.03197558,""num_orders"":1},{""price"":78184.64,""size"":0.07041632,""num_orders"":1},{""price"":78184.62,""size"":0.00639512,""num_orders"":1},{""price"":78184.61,""size"":0.07674688,""num_orders"":1},{""price"":78184.0,""size"":0.0255,""num_orders"":1},{""price"":78183.51,""size"":0.0334,""num_orders"":1},{""price"":78183.45,""size"":0.00127899,""num_orders"":1}]","[{""price"":78186.2,""size"":0.05525345,""num_orders"":4},{""price"":78187.77,""size"":0.00639486,""num_orders"":1},{""price"":78187.97,""size"":1.5e-05,""num_orders"":1},{""price"":78190.0,""size"":0.0255,""num_orders"":1},{""price"":78191.93,""size"":0.10880139,""num_orders"":1},{""price"":78191.94,""size"":0.04,""num_orders"":1},{""price"":78191.95,""size"":0.04,""num_orders"":1},{""price"":78191.96,""size"":0.07674688,""num_orders"":1},{""price"":78192.0,""size"":0.0255,""num_orders"":1},{""price"":78192.25,""size"":0.00511595,""num_orders"":1}]"
btc_usd_d10_20260517T000204Z,35,2026-05-17T00:37:04.131152Z,2026-05-17T00:37:04.131279Z,BTC-USD,10,ok,,128316712878,2026-05-17T00:37:03.697853888Z,0.53890822,0.59068979,-0.045840705757,78183.699999999997,78183.710000000006,78183.705000000002,0.010000000009,0.001279038901,"[{""price"":78183.7,""size"":0.18719434,""num_orders"":5},{""price"":78182.13,""size"":0.00639532,""num_orders"":1},{""price"":78180.94,""size"":0.00366189,""num_orders"":1},{""price"":78180.03,""size"":0.03197747,""num_orders"":1},{""price"":78180.02,""size"":0.07041632,""num_orders"":1},{""price"":78180.0,""size"":0.0255,""num_orders"":1},{""price"":78179.37,""size"":0.07674688,""num_orders"":1},{""price"":78179.36,""size"":0.06,""num_orders"":2},{""price"":78178.62,""size"":0.07676025,""num_orders"":1},{""price"":78178.21,""size"":0.00025575,""num_orders"":1}]","[{""price"":78183.71,""size"":0.21841073,""num_orders"":6},{""price"":78184.93,""size"":0.03197152,""num_orders"":1},{""price"":78184.94,""size"":0.06490643,""num_orders"":1},{""price"":78184.95,""size"":0.07674688,""num_orders"":1},{""price"":78185.28,""size"":0.00639507,""num_orders"":1},{""price"":78186.0,""size"":0.0243,""num_orders"":1},{""price"":78186.01,""size"":0.003558,""num_orders"":1},{""price"":78186.45,""size"":0.00127903,""num_orders"":1},{""price"":78188.63,""size"":0.01023,""num_orders"":1},{""price"":78188.65,""size"":0.15289213,""num_orders"":2}]"
btc_usd_d10_20260517T000204Z,36,2026-05-17T00:38:04.131152Z,2026-05-17T00:38:04.131285Z,BTC-USD,10,ok,,128316737752,2026-05-17T00:38:01.043520975Z,0.15343763,0.56264131,-0.571450516336,78173.960000000006,78173.970000000001,78173.964999999997,0.009999999995,0.001279198259,"[{""price"":78173.96,""size"":0.06943935,""num_orders"":10},{""price"":78173.59,""size"":0.00063959,""num_orders"":1},{""price"":78172.39,""size"":0.00639612,""num_orders"":1},{""price"":78172.1,""size"":0.00719363,""num_orders"":1},{""price"":78172.0,""size"":0.0242,""num_orders"":1},{""price"":78171.22,""size"":0.00127919,""num_orders"":1},{""price"":78170.92,""size"":8.199e-05,""num_orders"":2},{""price"":78170.0,""size"":0.023,""num_orders"":1},{""price"":78169.98,""size"":0.02,""num_orders"":1},{""price"":78169.66,""size"":0.00120776,""num_orders"":2}]","[{""price"":78173.97,""size"":0.06361417,""num_orders"":4},{""price"":78173.99,""size"":0.11386077,""num_orders"":1},{""price"":78174.0,""size"":0.023,""num_orders"":1},{""price"":78175.5,""size"":0.00511595,""num_orders"":1},{""price"":78175.51,""size"":0.03197152,""num_orders"":1},{""price"":78175.52,""size"":0.07674688,""num_orders"":1},{""price"":78175.54,""size"":0.00639586,""num_orders"":1},{""price"":78176.0,""size"":0.0242,""num_orders"":1},{""price"":78176.68,""size"":0.04,""num_orders"":1},{""price"":78176.69,""size"":0.17773616,""num_orders"":1}]"
btc_usd_d10_20260517T000204Z,37,2026-05-17T00:39:04.131152Z,2026-05-17T00:39:04.131298Z,BTC-USD,10,ok,,128316760092,2026-05-17T00:39:01.689696623Z,0.38193528,0.3741458,0.01030244005,78168,78168.009999999995,78168.005000000005,0.009999999995,0.001279295793,"[{""price"":78168.0,""size"":0.06361874,""num_orders"":5},{""price"":78167.84,""size"":0.07674688,""num_orders"":1},{""price"":78166.43,""size"":0.00639661,""num_orders"":1},{""price"":78166.0,""size"":0.0207,""num_orders"":1},{""price"":78165.49,""size"":0.07674688,""num_orders"":1},{""price"":78165.26,""size"":0.00127929,""num_orders"":1},{""price"":78165.05,""size"":0.0195,""num_orders"":1},{""price"":78164.0,""size"":0.0207,""num_orders"":1},{""price"":78163.87,""size"":0.0195,""num_orders"":1},{""price"":78163.14,""size"":0.07674688,""num_orders"":1}]","[{""price"":78168.01,""size"":0.07421032,""num_orders"":2},{""price"":78169.31,""size"":0.00108288,""num_orders"":1},{""price"":78169.32,""size"":0.010233,""num_orders"":1},{""price"":78169.47,""size"":0.01910494,""num_orders"":1},{""price"":78169.48,""size"":0.02559031,""num_orders"":1},{""price"":78169.58,""size"":0.00639635,""num_orders"":1},{""price"":78170.89,""size"":1.5e-05,""num_orders"":1},{""price"":78173.39,""size"":0.15860036,""num_orders"":2},{""price"":78173.96,""size"":0.00216576,""num_orders"":2},{""price"":78175.66,""size"":0.07674688,""num_orders"":1}]"
btc_usd_d10_20260517T000204Z,38,2026-05-17T00:40:04.131152Z,2026-05-17T00:40:04.131285Z,BTC-USD,10,ok,,128316783098,2026-05-17T00:40:03.250496511Z,0.49075024,0.34334769,0.176720915732,78168,78168.009999999995,78168.005000000005,0.009999999995,0.001279295793,"[{""price"":78168.0,""size"":0.31742655,""num_orders"":5},{""price"":78166.45,""size"":0.0326227,""num_orders"":2},{""price"":78166.43,""size"":0.00639661,""num_orders"":1},{""price"":78165.29,""size"":0.07674688,""num_orders"":1},{""price"":78164.17,""size"":0.0127937,""num_orders"":1},{""price"":78164.0,""size"":0.0217,""num_orders"":1},{""price"":78163.97,""size"":0.022,""num_orders"":1},{""price"":78163.73,""size"":0.0005916,""num_orders"":1},{""price"":78163.72,""size"":0.00012319,""num_orders"":2},{""price"":78163.71,""size"":0.00034901,""num_orders"":1}]","[{""price"":78168.01,""size"":0.03173726,""num_orders"":3},{""price"":78168.43,""size"":0.04,""num_orders"":1},{""price"":78169.58,""size"":0.00639635,""num_orders"":1},{""price"":78170.89,""size"":1.5e-05,""num_orders"":1},{""price"":78171.85,""size"":0.010233,""num_orders"":1},{""price"":78173.78,""size"":0.00511595,""num_orders"":1},{""price"":78173.79,""size"":0.01158123,""num_orders"":1},{""price"":78175.85,""size"":0.0911057,""num_orders"":1},{""price"":78175.86,""size"":0.07674688,""num_orders"":1},{""price"":78175.88,""size"":0.07041632,""num_orders"":1}]"
btc_usd_d10_20260517T000204Z,39,2026-05-17T00:41:04.131152Z,2026-05-17T00:41:04.131287Z,BTC-USD,10,ok,,128316808755,2026-05-17T00:41:04.043516973Z,0.34870928,0.21238633,0.242958503988,78164.110000000001,78164.679999999993,78164.39499999999,0.569999999992,0.072923228024,"[{""price"":78164.11,""size"":0.08309437,""num_orders"":2},{""price"":78164.0,""size"":0.00505686,""num_orders"":1},{""price"":78162.43,""size"":0.00127934,""num_orders"":1},{""price"":78162.0,""size"":0.0228,""num_orders"":1},{""price"":78160.57,""size"":0.03263082,""num_orders"":2},{""price"":78160.39,""size"":0.07674688,""num_orders"":1},{""price"":78160.0,""size"":0.0228,""num_orders"":1},{""price"":78159.57,""size"":0.0215,""num_orders"":1},{""price"":78158.93,""size"":0.06,""num_orders"":2},{""price"":78158.63,""size"":0.02280101,""num_orders"":1}]","[{""price"":78164.68,""size"":0.00108298,""num_orders"":1},{""price"":78164.69,""size"":0.00511515,""num_orders"":1},{""price"":78164.99,""size"":0.00642901,""num_orders"":2},{""price"":78165.88,""size"":0.010234,""num_orders"":1},{""price"":78166.66,""size"":0.00639659,""num_orders"":1},{""price"":78167.9,""size"":0.00127934,""num_orders"":1},{""price"":78167.94,""size"":0.05873026,""num_orders"":1},{""price"":78167.95,""size"":0.07041632,""num_orders"":1},{""price"":78168.0,""size"":0.0228,""num_orders"":1},{""price"":78168.56,""size"":0.02990268,""num_orders"":1}]"
btc_usd_d10_20260517T000204Z,40,2026-05-17T00:42:04.131152Z,2026-05-17T00:42:04.131286Z,BTC-USD,10,ok,,128316833081,2026-05-17T00:42:01.369295776Z,0.14345334,1.17808545,-0.782899539407,78155,78155.009999999995,78155.005000000005,0.009999999995,0.001279508586,"[{""price"":78155.0,""size"":0.00093317,""num_orders"":3},{""price"":78153.43,""size"":0.00639767,""num_orders"":1},{""price"":78152.26,""size"":0.0012795,""num_orders"":1},{""price"":78151.16,""size"":0.0183,""num_orders"":1},{""price"":78150.09,""size"":0.0183,""num_orders"":1},{""price"":78150.0,""size"":0.01,""num_orders"":1},{""price"":78149.65,""size"":0.00189674,""num_orders"":1},{""price"":78149.17,""size"":0.07674688,""num_orders"":1},{""price"":78148.57,""size"":0.00159938,""num_orders"":1},{""price"":78148.24,""size"":0.008,""num_orders"":1}]","[{""price"":78155.01,""size"":0.64045403,""num_orders"":11},{""price"":78155.94,""size"":0.07674688,""num_orders"":1},{""price"":78155.95,""size"":0.08702587,""num_orders"":2},{""price"":78155.96,""size"":0.03609503,""num_orders"":1},{""price"":78156.02,""size"":0.02394687,""num_orders"":1},{""price"":78156.03,""size"":0.0445551,""num_orders"":2},{""price"":78156.58,""size"":0.00639741,""num_orders"":1},{""price"":78157.56,""size"":0.04896376,""num_orders"":1},{""price"":78157.59,""size"":0.1905077,""num_orders"":3},{""price"":78157.6,""size"":0.0233928,""num_orders"":3}]"
btc_usd_d10_20260517T000204Z,41,2026-05-17T00:43:04.131152Z,2026-05-17T00:43:04.131283Z,BTC-USD,10,ok,,128316865922,2026-05-17T00:43:02.647264555Z,0.30298206,0.53032691,-0.272821796218,78113.460000000006,78113.470000000001,78113.464999999997,0.009999999995,0.001280189017,"[{""price"":78113.46,""size"":0.08474474,""num_orders"":8},{""price"":78113.43,""size"":0.08754193,""num_orders"":2},{""price"":78112.0,""size"":0.0205,""num_orders"":1},{""price"":78111.12,""size"":0.02120756,""num_orders"":1},{""price"":78111.11,""size"":0.01747277,""num_orders"":2},{""price"":78110.0,""size"":0.0205,""num_orders"":1},{""price"":78109.08,""size"":0.02560406,""num_orders"":1},{""price"":78108.0,""size"":0.0216,""num_orders"":1},{""price"":78106.84,""size"":1.5e-05,""num_orders"":1},{""price"":78106.69,""size"":0.003796,""num_orders"":1}]","[{""price"":78113.47,""size"":0.07674688,""num_orders"":1},{""price"":78115.9,""size"":0.03934033,""num_orders"":1},{""price"":78115.91,""size"":0.06174895,""num_orders"":1},{""price"":78115.95,""size"":0.003805,""num_orders"":1},{""price"":78116.0,""size"":0.0216,""num_orders"":1},{""price"":78116.17,""size"":0.0012802,""num_orders"":1},{""price"":78116.97,""size"":0.07674688,""num_orders"":1},{""price"":78118.0,""size"":0.0205,""num_orders"":1},{""price"":78118.47,""size"":0.15814235,""num_orders"":1},{""price"":78118.48,""size"":0.07041632,""num_orders"":1}]"
btc_usd_d10_20260517T000204Z,42,2026-05-17T00:44:04.131152Z,2026-05-17T00:44:04.131250Z,BTC-USD,10,ok,,128316892354,2026-05-17T00:44:03.850006742Z,0.17953612,0.50151011,-0.472763779927,78094.949999999997,78094.960000000006,78094.955000000002,0.010000000009,0.001280492448,"[{""price"":78094.95,""size"":0.03171007,""num_orders"":3},{""price"":78094.83,""size"":0.00011369,""num_orders"":1},{""price"":78094.21,""size"":0.02499218,""num_orders"":1},{""price"":78094.03,""size"":1.5e-05,""num_orders"":1},{""price"":78094.0,""size"":0.0215,""num_orders"":1},{""price"":78093.38,""size"":0.00640259,""num_orders"":1},{""price"":78092.95,""size"":0.0005,""num_orders"":1},{""price"":78092.83,""size"":0.01280259,""num_orders"":1},{""price"":78092.72,""size"":0.06,""num_orders"":2},{""price"":78092.0,""size"":0.0215,""num_orders"":1}]","[{""price"":78094.96,""size"":0.02693442,""num_orders"":5},{""price"":78094.98,""size"":0.11370821,""num_orders"":1},{""price"":78094.99,""size"":0.07041632,""num_orders"":1},{""price"":78095.01,""size"":0.07674688,""num_orders"":1},{""price"":78096.53,""size"":0.00640233,""num_orders"":1},{""price"":78097.7,""size"":0.04749597,""num_orders"":2},{""price"":78097.82,""size"":0.00388,""num_orders"":1},{""price"":78098.0,""size"":0.0215,""num_orders"":1},{""price"":78098.47,""size"":0.0576791,""num_orders"":2},{""price"":78099.7,""size"":0.07674688,""num_orders"":1}]"
btc_usd_d10_20260517T000204Z,43,2026-05-17T00:45:04.131152Z,2026-05-17T00:45:04.131281Z,BTC-USD,10,ok,,128316925884,2026-05-17T00:45:02.369422551Z,0.5080049,0.39498798,0.125158151856,78118.509999999995,78118.520000000004,78118.514999999999,0.010000000009,0.00128010626,"[{""price"":78118.51,""size"":0.269937,""num_orders"":10},{""price"":78118.0,""size"":0.0236,""num_orders"":1},{""price"":78117.65,""size"":0.00025605,""num_orders"":1},{""price"":78116.94,""size"":0.00640066,""num_orders"":1},{""price"":78116.27,""size"":0.00383,""num_orders"":1},{""price"":78116.0,""size"":0.0236,""num_orders"":1},{""price"":78115.81,""size"":0.02560733,""num_orders"":1},{""price"":78115.77,""size"":0.0012801,""num_orders"":1},{""price"":78115.24,""size"":0.07674688,""num_orders"":1},{""price"":78112.88,""size"":0.07674688,""num_orders"":1}]","[{""price"":78118.52,""size"":0.01850229,""num_orders"":2},{""price"":78119.65,""size"":1.5e-05,""num_orders"":1},{""price"":78120.09,""size"":0.0064004,""num_orders"":1},{""price"":78123.86,""size"":0.003455,""num_orders"":1},{""price"":78123.98,""size"":0.05671915,""num_orders"":1},{""price"":78123.99,""size"":0.07674688,""num_orders"":1},{""price"":78124.67,""size"":0.00388,""num_orders"":1},{""price"":78125.47,""size"":0.01438007,""num_orders"":1},{""price"":78126.53,""size"":0.10605182,""num_orders"":2},{""price"":78126.54,""size"":0.10883737,""num_orders"":2}]"
btc_usd_d10_20260517T000204Z,44,2026-05-17T00:46:04.131152Z,2026-05-17T00:46:04.131277Z,BTC-USD,10,ok,,128316954127,2026-05-17T00:46:03.453236962Z,0.16361373,0.44938776,-0.46618814907,78088.800000000003,78088.809999999998,78088.804999999993,0.009999999995,0.001280593293,"[{""price"":78088.8,""size"":0.0035951,""num_orders"":2},{""price"":78087.11,""size"":0.07041632,""num_orders"":1},{""price"":78087.09,""size"":0.03201553,""num_orders"":1},{""price"":78087.08,""size"":0.02,""num_orders"":1},{""price"":78086.87,""size"":4.302e-05,""num_orders"":1},{""price"":78086.25,""size"":0.003768,""num_orders"":1},{""price"":78086.0,""size"":0.0202,""num_orders"":1},{""price"":78085.49,""size"":1.5e-05,""num_orders"":1},{""price"":78085.0,""size"":0.01,""num_orders"":1},{""price"":78084.69,""size"":0.00356076,""num_orders"":1}]","[{""price"":78088.81,""size"":0.06615976,""num_orders"":2},{""price"":78090.0,""size"":0.0202,""num_orders"":1},{""price"":78091.29,""size"":0.0070894,""num_orders"":1},{""price"":78091.3,""size"":0.13421072,""num_orders"":1},{""price"":78091.31,""size"":0.07674688,""num_orders"":1},{""price"":78091.55,""size"":0.00128059,""num_orders"":1},{""price"":78091.94,""size"":0.07041632,""num_orders"":1},{""price"":78092.0,""size"":0.0202,""num_orders"":1},{""price"":78093.5,""size"":0.00078473,""num_orders"":1},{""price"":78094.0,""size"":0.05229936,""num_orders"":2}]"
btc_usd_d10_20260517T000204Z,45,2026-05-17T00:47:04.131152Z,2026-05-17T00:47:04.131276Z,BTC-USD,10,ok,,128316990291,2026-05-17T00:47:01.046115556Z,0.51635372,0.22787856,0.38761441522,78070.860000000001,78070.869999999995,78070.864999999991,0.009999999995,0.001280887562,"[{""price"":78070.86,""size"":0.28160079,""num_orders"":8},{""price"":78070.74,""size"":0.00038073,""num_orders"":3},{""price"":78070.0,""size"":0.0234,""num_orders"":1},{""price"":78069.28,""size"":0.00640457,""num_orders"":1},{""price"":78068.5,""size"":0.00337564,""num_orders"":3},{""price"":78068.12,""size"":0.03330419,""num_orders"":2},{""price"":78068.0,""size"":0.0234,""num_orders"":1},{""price"":78067.85,""size"":0.08641632,""num_orders"":3},{""price"":78067.6,""size"":0.00092692,""num_orders"":1},{""price"":78066.44,""size"":0.05714456,""num_orders"":1}]","[{""price"":78070.87,""size"":0.05739384,""num_orders"":1},{""price"":78070.99,""size"":0.01191635,""num_orders"":1},{""price"":78071.77,""size"":0.03315072,""num_orders"":1},{""price"":78071.78,""size"":0.07674688,""num_orders"":1},{""price"":78071.8,""size"":0.008,""num_orders"":1},{""price"":78071.87,""size"":0.02256147,""num_orders"":2},{""price"":78071.96,""size"":0.00369,""num_orders"":1},{""price"":78072.41,""size"":0.008,""num_orders"":1},{""price"":78072.56,""size"":0.0064043,""num_orders"":1},{""price"":78072.68,""size"":1.5e-05,""num_orders"":1}]"
btc_usd_d10_20260517T000204Z,46,2026-05-17T00:48:04.131152Z,2026-05-17T00:48:04.131281Z,BTC-USD,10,ok,,128317012925,2026-05-17T00:48:02.158834185Z,0.18734412,0.4395969,-0.402354881804,78072.669999999998,78072.679999999993,78072.674999999988,0.009999999995,0.001280857867,"[{""price"":78072.67,""size"":0.007,""num_orders"":1},{""price"":78072.0,""size"":0.00018967,""num_orders"":1},{""price"":78071.8,""size"":0.01410897,""num_orders"":1},{""price"":78071.79,""size"":0.01410897,""num_orders"":1},{""price"":78071.77,""size"":0.0655372,""num_orders"":4},{""price"":78071.76,""size"":1.248e-05,""num_orders"":1},{""price"":78071.74,""size"":5.906e-05,""num_orders"":1},{""price"":78071.01,""size"":0.06,""num_orders"":2},{""price"":78070.86,""size"":0.00071078,""num_orders"":1},{""price"":78069.77,""size"":0.02561699,""num_orders"":1}]","[{""price"":78072.68,""size"":1.5e-05,""num_orders"":1},{""price"":78073.3,""size"":0.03202245,""num_orders"":1},{""price"":78073.31,""size"":0.19096533,""num_orders"":2},{""price"":78073.33,""size"":0.07674688,""num_orders"":1},{""price"":78073.77,""size"":0.003833,""num_orders"":1},{""price"":78074.0,""size"":0.0246,""num_orders"":1},{""price"":78075.4,""size"":0.00128086,""num_orders"":1},{""price"":78075.87,""size"":0.00128081,""num_orders"":1},{""price"":78075.92,""size"":0.03843625,""num_orders"":1},{""price"":78075.93,""size"":0.07041632,""num_orders"":1}]"
btc_usd_d10_20260517T000204Z,47,2026-05-17T00:49:04.131152Z,2026-05-17T00:49:04.131284Z,BTC-USD,10,ok,,128317038896,2026-05-17T00:49:02.645486311Z,0.33617681,0.56415602,-0.253216591024,78050,78050.009999999995,78050.005000000005,0.009999999995,0.001281229898,"[{""price"":78050.0,""size"":0.13960377,""num_orders"":8},{""price"":78049.88,""size"":0.00029128,""num_orders"":3},{""price"":78048.43,""size"":0.00640628,""num_orders"":1},{""price"":78048.0,""size"":0.0299,""num_orders"":1},{""price"":78047.27,""size"":0.00128122,""num_orders"":1},{""price"":78047.06,""size"":1.5e-05,""num_orders"":1},{""price"":78046.01,""size"":0.03203238,""num_orders"":1},{""price"":78046.0,""size"":0.0299,""num_orders"":1},{""price"":78045.03,""size"":0.07674688,""num_orders"":1},{""price"":78045.01,""size"":0.02,""num_orders"":1}]","[{""price"":78050.01,""size"":0.0988281,""num_orders"":3},{""price"":78050.97,""size"":0.03172627,""num_orders"":1},{""price"":78050.98,""size"":0.07674688,""num_orders"":1},{""price"":78051.0,""size"":0.22078549,""num_orders"":1},{""price"":78051.22,""size"":0.07041632,""num_orders"":1},{""price"":78051.34,""size"":0.00384,""num_orders"":1},{""price"":78051.58,""size"":0.00640602,""num_orders"":1},{""price"":78052.0,""size"":0.0285,""num_orders"":1},{""price"":78052.74,""size"":0.00128122,""num_orders"":1},{""price"":78054.17,""size"":0.02562572,""num_orders"":1}]"
btc_usd_d10_20260517T000204Z,48,2026-05-17T00:50:04.131152Z,2026-05-17T00:50:04.131278Z,BTC-USD,10,ok,,128317064055,2026-05-17T00:50:03.692083498Z,2.33300296,0.21393574,0.832005583801,78064.130000000005,78064.139999999999,78064.135000000009,0.009999999995,0.001280997989,"[{""price"":78064.13,""size"":2.08243671,""num_orders"":6},{""price"":78062.56,""size"":0.00640512,""num_orders"":1},{""price"":78062.26,""size"":0.02561874,""num_orders"":1},{""price"":78062.0,""size"":0.0298,""num_orders"":1},{""price"":78061.39,""size"":0.00128099,""num_orders"":1},{""price"":78061.28,""size"":0.08030894,""num_orders"":2},{""price"":78060.17,""size"":0.06420419,""num_orders"":1},{""price"":78060.1,""size"":0.00626287,""num_orders"":1},{""price"":78060.0,""size"":0.0298,""num_orders"":1},{""price"":78059.11,""size"":0.0068854,""num_orders"":1}]","[{""price"":78064.14,""size"":0.03578226,""num_orders"":2},{""price"":78065.67,""size"":0.00512097,""num_orders"":1},{""price"":78065.68,""size"":0.0305975,""num_orders"":1},{""price"":78065.69,""size"":0.03172627,""num_orders"":1},{""price"":78065.71,""size"":0.00640486,""num_orders"":1},{""price"":78066.25,""size"":0.008,""num_orders"":1},{""price"":78066.74,""size"":0.008,""num_orders"":1},{""price"":78066.88,""size"":0.008,""num_orders"":1},{""price"":78067.94,""size"":0.003557,""num_orders"":1},{""price"":78067.98,""size"":0.07674688,""num_orders"":1}]"
btc_usd_d10_20260517T000204Z,49,2026-05-17T00:51:04.131152Z,2026-05-17T00:51:04.131301Z,BTC-USD,10,ok,,128317091156,2026-05-17T00:51:02.050851069Z,0.56081582,0.16444331,0.546525363976,78082.850000000006,78082.860000000001,78082.85500000001,0.009999999995,0.001280690876,"[{""price"":78082.85,""size"":0.09506349,""num_orders"":4},{""price"":78082.3,""size"":0.07674688,""num_orders"":1},{""price"":78082.0,""size"":0.0429,""num_orders"":1},{""price"":78081.27,""size"":0.03944469,""num_orders"":1},{""price"":78081.21,""size"":0.18053918,""num_orders"":4},{""price"":78080.13,""size"":0.00085947,""num_orders"":1},{""price"":78080.11,""size"":0.00128069,""num_orders"":1},{""price"":78080.0,""size"":0.04294115,""num_orders"":2},{""price"":78079.48,""size"":0.00025622,""num_orders"":1},{""price"":78078.94,""size"":0.08078405,""num_orders"":1}]","[{""price"":78082.86,""size"":0.02601545,""num_orders"":2},{""price"":78082.87,""size"":0.01873234,""num_orders"":1},{""price"":78084.43,""size"":0.00640333,""num_orders"":1},{""price"":78085.0,""size"":0.03365023,""num_orders"":3},{""price"":78085.49,""size"":1.5e-05,""num_orders"":1},{""price"":78085.59,""size"":0.003832,""num_orders"":1},{""price"":78086.94,""size"":0.00024671,""num_orders"":4},{""price"":78088.46,""size"":0.07041632,""num_orders"":1},{""price"":78089.76,""size"":1.5e-05,""num_orders"":1},{""price"":78090.48,""size"":0.00511693,""num_orders"":1}]"
btc_usd_d10_20260517T000204Z,50,2026-05-17T00:52:04.131152Z,2026-05-17T00:52:04.131289Z,BTC-USD,10,ok,,128317120580,2026-05-17T00:52:01.661328409Z,0.28488437,0.90512074,-0.521204795499,78064.5,78064.509999999995,78064.505000000005,0.009999999995,0.001280991917,"[{""price"":78064.5,""size"":0.07041632,""num_orders"":1},{""price"":78064.4,""size"":0.00058206,""num_orders"":1},{""price"":78064.37,""size"":0.02561255,""num_orders"":1},{""price"":78063.47,""size"":0.00058206,""num_orders"":1},{""price"":78063.12,""size"":0.00058206,""num_orders"":1},{""price"":78060.0,""size"":0.0529,""num_orders"":2},{""price"":78059.87,""size"":1.5e-05,""num_orders"":1},{""price"":78058.15,""size"":0.06,""num_orders"":2},{""price"":78057.7,""size"":0.003778,""num_orders"":1},{""price"":78056.44,""size"":0.07041632,""num_orders"":1}]","[{""price"":78064.51,""size"":0.30913893,""num_orders"":6},{""price"":78064.96,""size"":0.02481208,""num_orders"":1},{""price"":78065.01,""size"":0.02996481,""num_orders"":1},{""price"":78066.0,""size"":0.0429,""num_orders"":1},{""price"":78066.37,""size"":0.22381926,""num_orders"":2},{""price"":78066.38,""size"":0.07674688,""num_orders"":1},{""price"":78067.71,""size"":0.003835,""num_orders"":1},{""price"":78068.0,""size"":0.0429,""num_orders"":1},{""price"":78068.73,""size"":0.07674688,""num_orders"":1},{""price"":78069.98,""size"":0.0742569,""num_orders"":1}]"
btc_usd_d10_20260517T000204Z,51,2026-05-17T00:53:04.131152Z,2026-05-17T00:53:04.131277Z,BTC-USD,10,ok,,128317153104,2026-05-17T00:53:02.699060234Z,0.52578065,0.27800858,0.30825502601,78068.399999999994,78068.410000000003,78068.404999999999,0.010000000009,0.001280927926,"[{""price"":78068.4,""size"":0.09859907,""num_orders"":7},{""price"":78068.0,""size"":0.0349,""num_orders"":1},{""price"":78067.66,""size"":0.07487497,""num_orders"":2},{""price"":78066.08,""size"":0.05881289,""num_orders"":1},{""price"":78066.0,""size"":0.0349,""num_orders"":1},{""price"":78065.47,""size"":0.06,""num_orders"":2},{""price"":78064.14,""size"":0.0193,""num_orders"":1},{""price"":78064.05,""size"":0.0518888,""num_orders"":1},{""price"":78063.98,""size"":0.09224872,""num_orders"":2},{""price"":78063.84,""size"":0.0002562,""num_orders"":1}]","[{""price"":78068.41,""size"":1.5e-05,""num_orders"":1},{""price"":78069.85,""size"":0.00512097,""num_orders"":1},{""price"":78069.86,""size"":0.003761,""num_orders"":1},{""price"":78070.23,""size"":0.07674688,""num_orders"":1},{""price"":78072.0,""size"":0.0349,""num_orders"":1},{""price"":78072.59,""size"":0.07674688,""num_orders"":1},{""price"":78072.67,""size"":0.07041632,""num_orders"":1},{""price"":78072.68,""size"":1.5e-05,""num_orders"":1},{""price"":78073.8,""size"":0.010246,""num_orders"":1},{""price"":78073.88,""size"":4.053e-05,""num_orders"":1}]"
btc_usd_d10_20260517T000204Z,52,2026-05-17T00:54:04.131152Z,2026-05-17T00:54:04.131281Z,BTC-USD,10,ok,,128317179254,2026-05-17T00:54:03.368652129Z,0.96091535,0.13140241,0.759406255557,78076.940000000002,78076.949999999997,78076.945000000007,0.009999999995,0.001280787817,"[{""price"":78076.94,""size"":0.42405618,""num_orders"":5},{""price"":78076.64,""size"":0.04009899,""num_orders"":1},{""price"":78076.6,""size"":0.16780244,""num_orders"":1},{""price"":78076.52,""size"":0.00099133,""num_orders"":1},{""price"":78076.42,""size"":0.003841,""num_orders"":1},{""price"":78076.0,""size"":0.0299,""num_orders"":1},{""price"":78074.2,""size"":0.00128078,""num_orders"":1},{""price"":78074.16,""size"":0.07674688,""num_orders"":1},{""price"":78074.15,""size"":0.1462,""num_orders"":1},{""price"":78072.73,""size"":0.06999775,""num_orders"":1}]","[{""price"":78076.95,""size"":1.5e-05,""num_orders"":1},{""price"":78079.86,""size"":0.00012101,""num_orders"":2},{""price"":78080.76,""size"":5.784e-05,""num_orders"":1},{""price"":78081.22,""size"":1.5e-05,""num_orders"":1},{""price"":78085.49,""size"":1.5e-05,""num_orders"":1},{""price"":78087.26,""size"":0.00512143,""num_orders"":1},{""price"":78087.27,""size"":0.00116412,""num_orders"":1},{""price"":78088.72,""size"":0.00232824,""num_orders"":2},{""price"":78089.03,""size"":0.04581789,""num_orders"":1},{""price"":78089.04,""size"":0.07674688,""num_orders"":1}]"
btc_usd_d10_20260517T000204Z,53,2026-05-17T00:55:04.131152Z,2026-05-17T00:55:04.131282Z,BTC-USD,10,ok,,128317212463,2026-05-17T00:55:02.698201834Z,0.35177579,0.95427217,-0.461312599883,78050,78050.009999999995,78050.005000000005,0.009999999995,0.001281229898,"[{""price"":78050.0,""size"":0.21287787,""num_orders"":4},{""price"":78047.06,""size"":1.5e-05,""num_orders"":1},{""price"":78047.0,""size"":3.164e-05,""num_orders"":1},{""price"":78045.0,""size"":0.01,""num_orders"":1},{""price"":78042.98,""size"":0.025,""num_orders"":2},{""price"":78042.79,""size"":1.5e-05,""num_orders"":1},{""price"":78042.48,""size"":0.00239576,""num_orders"":1},{""price"":78041.72,""size"":0.02359107,""num_orders"":1},{""price"":78041.7,""size"":0.00110257,""num_orders"":1},{""price"":78041.51,""size"":0.07674688,""num_orders"":1}]","[{""price"":78050.01,""size"":0.50759331,""num_orders"":9},{""price"":78050.06,""size"":0.00139308,""num_orders"":1},{""price"":78051.31,""size"":0.20327725,""num_orders"":2},{""price"":78051.32,""size"":0.07041632,""num_orders"":1},{""price"":78051.33,""size"":0.0384369,""num_orders"":1},{""price"":78051.36,""size"":0.02562721,""num_orders"":1},{""price"":78051.63,""size"":0.07674688,""num_orders"":1},{""price"":78052.0,""size"":0.0257,""num_orders"":1},{""price"":78052.74,""size"":0.00128122,""num_orders"":1},{""price"":78053.79,""size"":0.0038,""num_orders"":1}]"
btc_usd_d10_20260517T000204Z,54,2026-05-17T00:56:04.131152Z,2026-05-17T00:56:04.131293Z,BTC-USD,10,ok,,128317241403,2026-05-17T00:56:03.303425655Z,0.26154495,0.63336601,-0.415483859981,78047.059999999998,78047.070000000007,78047.065000000002,0.010000000009,0.001281278163,"[{""price"":78047.06,""size"":0.17673379,""num_orders"":7},{""price"":78047.0,""size"":3.164e-05,""num_orders"":1},{""price"":78045.49,""size"":0.00640652,""num_orders"":1},{""price"":78045.0,""size"":0.01,""num_orders"":1},{""price"":78044.34,""size"":0.00128127,""num_orders"":1},{""price"":78042.98,""size"":0.025,""num_orders"":2},{""price"":78042.79,""size"":1.5e-05,""num_orders"":1},{""price"":78042.48,""size"":0.00239576,""num_orders"":1},{""price"":78042.01,""size"":0.01138097,""num_orders"":1},{""price"":78042.0,""size"":0.0283,""num_orders"":1}]","[{""price"":78047.07,""size"":0.27957843,""num_orders"":8},{""price"":78047.32,""size"":0.00384,""num_orders"":1},{""price"":78047.95,""size"":0.04236287,""num_orders"":1},{""price"":78047.96,""size"":0.12694455,""num_orders"":1},{""price"":78047.97,""size"":0.07674688,""num_orders"":1},{""price"":78048.0,""size"":0.0283,""num_orders"":1},{""price"":78048.64,""size"":0.00512143,""num_orders"":1},{""price"":78048.65,""size"":0.00640626,""num_orders"":1},{""price"":78048.67,""size"":0.02562724,""num_orders"":1},{""price"":78049.53,""size"":0.03843835,""num_orders"":1}]"
btc_usd_d10_20260517T000204Z,55,2026-05-17T00:57:04.131152Z,2026-05-17T00:57:04.131280Z,BTC-USD,10,ok,,128317280365,2026-05-17T00:57:03.302735413Z,0.38159666,0.39102158,-0.012198676542,78027.330000000002,78027.339999999997,78027.334999999992,0.009999999995,0.001281602146,"[{""price"":78027.33,""size"":0.02944762,""num_orders"":2},{""price"":78025.76,""size"":0.00640814,""num_orders"":1},{""price"":78025.61,""size"":0.00542594,""num_orders"":1},{""price"":78024.0,""size"":0.0296,""num_orders"":1},{""price"":78023.3,""size"":0.03204171,""num_orders"":1},{""price"":78023.29,""size"":0.04,""num_orders"":1},{""price"":78023.28,""size"":0.00978113,""num_orders"":1},{""price"":78023.16,""size"":0.04,""num_orders"":1},{""price"":78023.15,""size"":0.15929212,""num_orders"":3},{""price"":78022.0,""size"":0.0296,""num_orders"":1}]","[{""price"":78027.34,""size"":0.0654346,""num_orders"":1},{""price"":78028.0,""size"":0.0296,""num_orders"":1},{""price"":78028.13,""size"":0.010251,""num_orders"":1},{""price"":78028.91,""size"":0.00640788,""num_orders"":1},{""price"":78030.0,""size"":0.0296,""num_orders"":1},{""price"":78031.94,""size"":0.0429244,""num_orders"":1},{""price"":78031.95,""size"":0.00512143,""num_orders"":1},{""price"":78032.0,""size"":0.0311,""num_orders"":1},{""price"":78032.81,""size"":0.09383539,""num_orders"":1},{""price"":78033.86,""size"":0.07674688,""num_orders"":1}]"
btc_usd_d10_20260517T000204Z,56,2026-05-17T00:58:04.131152Z,2026-05-17T00:58:04.131290Z,BTC-USD,10,ok,,128317335995,2026-05-17T00:58:02.856968428Z,0.58743348,0.34756564,0.256543385838,77931.300000000003,77931.309999999998,77931.304999999993,0.009999999995,0.001283181386,"[{""price"":77931.3,""size"":0.27950078,""num_orders"":6},{""price"":77930.0,""size"":0.0253,""num_orders"":1},{""price"":77929.74,""size"":0.00641604,""num_orders"":1},{""price"":77929.28,""size"":4.119e-05,""num_orders"":1},{""price"":77929.04,""size"":0.07674688,""num_orders"":1},{""price"":77928.01,""size"":0.04,""num_orders"":1},{""price"":77928.0,""size"":0.0253,""num_orders"":1},{""price"":77926.01,""size"":0.03208171,""num_orders"":1},{""price"":77926.0,""size"":0.0253,""num_orders"":1},{""price"":77925.08,""size"":0.07674688,""num_orders"":1}]","[{""price"":77931.31,""size"":0.07041632,""num_orders"":1},{""price"":77932.28,""size"":0.00079755,""num_orders"":1},{""price"":77932.81,""size"":0.010261,""num_orders"":1},{""price"":77932.87,""size"":0.00641578,""num_orders"":1},{""price"":77935.66,""size"":0.05746044,""num_orders"":1},{""price"":77935.67,""size"":0.04527108,""num_orders"":1},{""price"":77935.83,""size"":0.02566256,""num_orders"":1},{""price"":77936.0,""size"":0.0253,""num_orders"":1},{""price"":77936.04,""size"":1.5e-05,""num_orders"":1},{""price"":77937.66,""size"":0.10596591,""num_orders"":1}]"
btc_usd_d10_20260517T000204Z,57,2026-05-17T00:59:04.131152Z,2026-05-17T00:59:04.131279Z,BTC-USD,10,ok,,128317401049,2026-05-17T00:59:02.146624866Z,0.76680192,0.18411501,0.612763209506,77855.399999999994,77855.410000000003,77855.404999999999,0.010000000009,0.001284432341,"[{""price"":77855.4,""size"":0.09877387,""num_orders"":3},{""price"":77854.0,""size"":0.025,""num_orders"":1},{""price"":77853.06,""size"":0.07674688,""num_orders"":1},{""price"":77850.72,""size"":0.07674688,""num_orders"":1},{""price"":77850.02,""size"":0.03853565,""num_orders"":1},{""price"":77850.0,""size"":0.38208271,""num_orders"":13},{""price"":77849.35,""size"":0.01595685,""num_orders"":1},{""price"":77848.78,""size"":0.04770542,""num_orders"":1},{""price"":77847.72,""size"":0.00025382,""num_orders"":1},{""price"":77847.56,""size"":0.00499984,""num_orders"":1}]","[{""price"":77855.41,""size"":0.003784,""num_orders"":1},{""price"":77856.26,""size"":0.010272,""num_orders"":1},{""price"":77856.95,""size"":0.04300605,""num_orders"":1},{""price"":77856.96,""size"":0.07041632,""num_orders"":1},{""price"":77859.18,""size"":1.5e-05,""num_orders"":1},{""price"":77859.96,""size"":0.02116664,""num_orders"":1},{""price"":77860.01,""size"":0.00776,""num_orders"":1},{""price"":77860.33,""size"":0.00388,""num_orders"":1},{""price"":77862.0,""size"":0.0238,""num_orders"":1},{""price"":77863.45,""size"":1.5e-05,""num_orders"":1}]"
btc_usd_d10_20260517T000204Z,58,2026-05-17T01:00:04.131152Z,2026-05-17T01:00:04.131281Z,BTC-USD,10,ok,,128317493548,2026-05-17T01:00:02.952536023Z,0.3426228,0.46559116,-0.152148275192,77939.5,77939.509999999995,77939.505000000005,0.009999999995,0.001283046383,"[{""price"":77939.5,""size"":0.02566145,""num_orders"":1},{""price"":77938.54,""size"":0.04,""num_orders"":1},{""price"":77938.53,""size"":0.04,""num_orders"":1},{""price"":77938.52,""size"":0.04,""num_orders"":1},{""price"":77938.51,""size"":0.04555862,""num_orders"":1},{""price"":77938.19,""size"":0.07674688,""num_orders"":1},{""price"":77938.0,""size"":0.0174,""num_orders"":1},{""price"":77936.77,""size"":0.00128304,""num_orders"":1},{""price"":77936.01,""size"":0.03857281,""num_orders"":1},{""price"":77936.0,""size"":0.0174,""num_orders"":1}]","[{""price"":77939.51,""size"":0.01618835,""num_orders"":1},{""price"":77939.52,""size"":0.04830474,""num_orders"":1},{""price"":77940.3,""size"":0.00514046,""num_orders"":1},{""price"":77940.31,""size"":1.5e-05,""num_orders"":1},{""price"":77941.53,""size"":0.010271,""num_orders"":1},{""price"":77943.96,""size"":1.926e-05,""num_orders"":1},{""price"":77944.58,""size"":1.5e-05,""num_orders"":1},{""price"":77945.99,""size"":0.18166288,""num_orders"":1},{""price"":77946.84,""size"":0.05777447,""num_orders"":1},{""price"":77946.87,""size"":0.1462,""num_orders"":1}]"
btc_usd_d10_20260517T000204Z,59,2026-05-17T01:01:04.131152Z,2026-05-17T01:01:04.131276Z,BTC-USD,10,ok,,128317574138,2026-05-17T01:01:03.359898589Z,0.21004534,0.60171718,-0.482495594894,77848.660000000003,77848.669999999998,77848.665000000008,0.009999999995,0.001284543543,"[{""price"":77848.66,""size"":0.00299997,""num_orders"":1},{""price"":77846.01,""size"":0.01789054,""num_orders"":1},{""price"":77845.88,""size"":0.003576,""num_orders"":1},{""price"":77844.56,""size"":4.123e-05,""num_orders"":1},{""price"":77844.11,""size"":0.0011011,""num_orders"":1},{""price"":77844.0,""size"":0.0122,""num_orders"":1},{""price"":77843.13,""size"":0.0248,""num_orders"":2},{""price"":77840.85,""size"":0.03211681,""num_orders"":1},{""price"":77840.84,""size"":0.03857281,""num_orders"":1},{""price"":77840.82,""size"":0.07674688,""num_orders"":1}]","[{""price"":77848.67,""size"":0.19790911,""num_orders"":5},{""price"":77848.68,""size"":0.11080419,""num_orders"":1},{""price"":77848.69,""size"":0.07674,""num_orders"":1},{""price"":77849.62,""size"":0.04458968,""num_orders"":1},{""price"":77849.8,""size"":0.07674688,""num_orders"":1},{""price"":77851.4,""size"":0.00128454,""num_orders"":1},{""price"":77852.7,""size"":0.00583,""num_orders"":1},{""price"":77853.16,""size"":0.00514046,""num_orders"":1},{""price"":77853.17,""size"":0.003571,""num_orders"":1},{""price"":77853.33,""size"":0.07910132,""num_orders"":3}]"
